{"stats":{"minecraft:picked_up":{"minecraft:stick":2,"minecraft:bone":2,"minecraft:dirt":20},"minecraft:killed_by":{"minecraft:skeleton":1,"minecraft:creeper":1},"minecraft:custom":{"minecraft:jump":5,"minecraft:open_chest":2,"minecraft:time_since_rest":1343,"minecraft:damage_taken":1130,"minecraft:leave_game":1,"minecraft:time_since_death":1299,"minecraft:play_time":6521,"minecraft:walk_one_cm":9420,"minecraft:deaths":3,"minecraft:sneak_time":203,"minecraft:total_world_time":6521,"minecraft:climb_one_cm":328,"minecraft:fall_one_cm":3645,"minecraft:fly_one_cm":445},"minecraft:mined":{"minecraft:jungle_leaves":1}},"DataVersion":3465}