{"stats":{"minecraft:custom":{"minecraft:time_since_rest":6879,"minecraft:play_time":6879,"minecraft:walk_one_cm":8449,"minecraft:jump":31,"minecraft:damage_dealt":5,"minecraft:leave_game":1,"minecraft:time_since_death":6879,"minecraft:walk_on_water_one_cm":105,"minecraft:total_world_time":6879,"minecraft:interact_with_crafting_table":1,"minecraft:fall_one_cm":420,"minecraft:fly_one_cm":79},"minecraft:mined":{"minecraft:grass_block":6,"minecraft:coal_ore":12,"minecraft:dirt":12,"minecraft:birch_log":7,"minecraft:stone":12},"minecraft:picked_up":{"minecraft:birch_log":7,"minecraft:coal":12,"minecraft:dirt":18,"minecraft:cobblestone":14},"minecraft:crafted":{"minecraft:wooden_sword":1,"minecraft:birch_planks":28,"minecraft:crafting_table":1,"minecraft:stick":4,"minecraft:wooden_pickaxe":1},"minecraft:used":{"minecraft:crafting_table":1,"minecraft:wooden_pickaxe":43}},"DataVersion":3953}