{"stats":{"minecraft:picked_up":{"minecraft:oak_slab":2,"minecraft:stick":2,"minecraft:bone":2,"securitycraft:bucket_f_water":1,"minecraft:dirt":22},"minecraft:used":{"securitycraft:mine":2,"minecraft:bucket":2,"securitycraft:bucket_f_water":2},"minecraft:killed_by":{"minecraft:skeleton":1,"minecraft:creeper":1},"minecraft:custom":{"minecraft:time_since_rest":8060,"minecraft:open_chest":2,"minecraft:crouch_one_cm":35,"minecraft:play_time":18521,"minecraft:deaths":6,"minecraft:damage_taken":2280,"minecraft:walk_one_cm":32402,"minecraft:sneak_time":223,"minecraft:drop":3,"minecraft:jump":42,"minecraft:leave_game":1,"minecraft:walk_on_water_one_cm":359,"minecraft:time_since_death":8007,"minecraft:climb_one_cm":328,"minecraft:total_world_time":18521,"minecraft:fly_one_cm":903,"minecraft:interact_with_crafting_table":1,"minecraft:fall_one_cm":6422},"minecraft:dropped":{"minecraft:oak_fence_gate":1,"minecraft:dirt":1,"securitycraft:sc_manual":1},"minecraft:mined":{"minecraft:grass":1,"minecraft:jungle_leaves":1}},"DataVersion":3465}