{"stats":{"minecraft:used":{"minecraft:iron_pickaxe":1,"minecraft:iron_sword":2,"minecraft:crafting_table":1,"minecraft:chainmail_boots":1,"tombstone:gift":2},"minecraft:mined":{"minecraft:powder_snow":1,"minecraft:grass_block":1,"minecraft:tall_grass":1,"minecraft:spawner":1},"minecraft:crafted":{"minecraft:crafting_table":1,"minecraft:iron_pickaxe":1,"minecraft:iron_sword":1},"minecraft:picked_up":{"minecraft:stick":7,"minecraft:torch":1,"minecraft:bowl":2,"minecraft:spruce_stairs":4,"tombstone:grave_dust":1,"minecraft:spruce_log":4,"minecraft:gunpowder":1,"minecraft:dirt":1,"minecraft:rotten_flesh":1,"minecraft:cracked_stone_bricks":1,"minecraft:iron_ingot":2,"minecraft:glass_bottle":1,"minecraft:minecart":1,"minecraft:chest":1},"minecraft:dropped":{"minecraft:leather_horse_armor":1,"tombstone:grave_dust":1},"minecraft:killed":{"minecraft:zombie":1},"minecraft:custom":{"minecraft:time_since_rest":15160,"minecraft:sprint_one_cm":20585,"minecraft:damage_taken":500,"minecraft:walk_one_cm":160188,"minecraft:mob_kills":1,"minecraft:drop":2,"minecraft:damage_dealt":56,"minecraft:interact_with_crafting_table":3,"minecraft:fly_one_cm":4145,"minecraft:open_chest":32,"minecraft:crouch_one_cm":1157,"minecraft:play_time":28149,"tombstone:undead_killed":1,"minecraft:deaths":2,"minecraft:sneak_time":192,"minecraft:interact_with_lectern":2,"minecraft:jump":132,"minecraft:leave_game":6,"minecraft:time_since_death":16654,"minecraft:total_world_time":28149,"minecraft:fall_one_cm":478,"minecraft:horse_one_cm":23297},"minecraft:killed_by":{"minecraft:zombie":1}},"DataVersion":3465}