{"stats":{"minecraft:used":{"tombstone:gift":2},"minecraft:mined":{"minecraft:tall_grass":1,"minecraft:powder_snow":1},"minecraft:custom":{"minecraft:jump":127,"minecraft:open_chest":16,"minecraft:time_since_rest":3160,"minecraft:damage_taken":470,"minecraft:crouch_one_cm":583,"minecraft:leave_game":6,"minecraft:play_time":16149,"minecraft:sprint_one_cm":17146,"minecraft:time_since_death":4654,"minecraft:walk_one_cm":80161,"minecraft:deaths":2,"minecraft:sneak_time":111,"minecraft:total_world_time":16149,"minecraft:interact_with_lectern":2,"minecraft:fall_one_cm":209,"minecraft:fly_one_cm":4145},"minecraft:killed_by":{"minecraft:zombie":1}},"DataVersion":3465}