{"stats":{"minecraft:custom":{"minecraft:time_since_rest":7635,"minecraft:interact_with_furnace":10,"minecraft:sprint_one_cm":389,"minecraft:damage_taken":930,"minecraft:walk_one_cm":170558,"minecraft:mob_kills":11,"minecraft:drop":4,"minecraft:damage_dealt":1081,"minecraft:swim_one_cm":632,"minecraft:interact_with_crafting_table":15,"minecraft:fly_one_cm":943,"minecraft:crouch_one_cm":198,"minecraft:play_time":65165,"minecraft:deaths":2,"minecraft:sneak_time":137,"minecraft:walk_under_water_one_cm":16403,"minecraft:jump":465,"minecraft:leave_game":2,"minecraft:walk_on_water_one_cm":12709,"minecraft:time_since_death":44724,"minecraft:sleep_in_bed":1,"minecraft:total_world_time":65165,"minecraft:fall_one_cm":3534},"minecraft:killed":{"minecraft:sheep":8,"minecraft:zombie":2,"minecraft:chicken":1},"minecraft:mined":{"minecraft:white_bed":2,"minecraft:birch_log":12,"minecraft:birch_leaves":3,"minecraft:andesite":28,"minecraft:granite":2,"minecraft:short_grass":10,"minecraft:coal_ore":49,"minecraft:oak_log":14,"minecraft:grass_block":12,"minecraft:rose_bush":1,"minecraft:gravel":9,"minecraft:dirt":38,"minecraft:cobblestone":2,"minecraft:stone":105,"minecraft:oak_leaves":3,"minecraft:wall_torch":1},"minecraft:picked_up":{"minecraft:birch_log":12,"minecraft:chicken":1,"minecraft:andesite":39,"minecraft:torch":5,"minecraft:wooden_pickaxe":1,"minecraft:flint":2,"minecraft:birch_planks":11,"minecraft:gravel":11,"minecraft:porkchop":6,"minecraft:oak_log":14,"minecraft:white_bed":2,"minecraft:dirt":49,"minecraft:wooden_sword":1,"minecraft:arrow":3,"minecraft:wheat_seeds":1,"minecraft:granite":4,"minecraft:stone_pickaxe":3,"minecraft:rose_bush":1,"minecraft:gray_wool":2,"minecraft:mutton":11,"minecraft:coal":49,"minecraft:white_wool":6,"minecraft:cobblestone":156,"minecraft:egg":1},"minecraft:dropped":{"minecraft:gravel":1,"minecraft:stone_sword":1,"minecraft:wooden_pickaxe":1,"minecraft:stone_pickaxe":1},"minecraft:crafted":{"minecraft:wooden_sword":1,"minecraft:oak_planks":24,"minecraft:cooked_porkchop":3,"minecraft:crafting_table":3,"minecraft:stick":16,"minecraft:wooden_pickaxe":2,"minecraft:cooked_chicken":1,"minecraft:stone_pickaxe":3,"minecraft:stone_sword":2,"minecraft:furnace":2,"minecraft:white_bed":2,"minecraft:torch":4,"minecraft:birch_planks":48,"minecraft:cooked_mutton":11},"minecraft:broken":{"minecraft:wooden_pickaxe":1},"minecraft:used":{"minecraft:stone_sword":77,"minecraft:stone_pickaxe":151,"minecraft:wooden_pickaxe":88,"minecraft:torch":6,"minecraft:dirt":1,"minecraft:cobblestone":6,"minecraft:crafting_table":3,"minecraft:furnace":2,"minecraft:cooked_porkchop":3,"minecraft:andesite":2,"minecraft:white_bed":2}},"DataVersion":3953}