{"stats":{"minecraft:killed":{"minecraft:sheep":8,"minecraft:zombie":3,"minecraft:chicken":1},"minecraft:mined":{"minecraft:white_bed":2,"minecraft:crafting_table":1,"minecraft:granite":4,"minecraft:short_grass":10,"minecraft:grass_block":12,"minecraft:rose_bush":1,"minecraft:cobblestone":6,"minecraft:copper_ore":11,"minecraft:lapis_ore":5,"minecraft:diorite":23,"minecraft:wall_torch":4,"minecraft:furnace":1,"minecraft:birch_log":12,"minecraft:iron_ore":32,"minecraft:andesite":31,"minecraft:birch_leaves":3,"minecraft:oak_log":14,"minecraft:pointed_dripstone":1,"minecraft:coal_ore":78,"minecraft:gravel":10,"minecraft:dripstone_block":6,"minecraft:dirt":40,"minecraft:stone":391,"minecraft:oak_leaves":3},"minecraft:broken":{"minecraft:stone_pickaxe":2,"minecraft:wooden_pickaxe":1},"minecraft:killed_by":{"minecraft:skeleton":1},"minecraft:picked_up":{"minecraft:birch_log":12,"minecraft:crafting_table":1,"minecraft:chicken":7,"minecraft:andesite":51,"minecraft:wooden_pickaxe":2,"minecraft:birch_planks":16,"minecraft:flint":4,"minecraft:oak_log":14,"minecraft:shield":1,"minecraft:lapis_lazuli":64,"minecraft:dirt":83,"minecraft:raw_copper":70,"minecraft:wooden_sword":1,"minecraft:cooked_mutton":20,"minecraft:wheat_seeds":2,"minecraft:iron_ingot":6,"minecraft:stone_pickaxe":3,"minecraft:cooked_chicken":1,"minecraft:rose_bush":2,"minecraft:iron_pickaxe":1,"minecraft:iron_sword":1,"minecraft:oak_planks":20,"minecraft:egg":2,"minecraft:furnace":2,"minecraft:raw_iron":37,"minecraft:torch":18,"minecraft:dripstone_block":15,"minecraft:gravel":14,"minecraft:porkchop":10,"minecraft:pointed_dripstone":4,"minecraft:diorite":40,"minecraft:white_bed":4,"minecraft:stone_sword":1,"minecraft:arrow":6,"minecraft:granite":9,"minecraft:gray_wool":4,"minecraft:oak_sapling":4,"minecraft:mutton":11,"minecraft:coal":105,"minecraft:white_wool":6,"minecraft:cobblestone":686},"minecraft:dropped":{"minecraft:gravel":4,"minecraft:porkchop":4,"minecraft:wheat_seeds":1,"minecraft:stone_sword":2,"minecraft:pointed_dripstone":3,"minecraft:chicken":2,"minecraft:cobblestone":1,"minecraft:granite":3,"minecraft:cooked_mutton":22,"minecraft:andesite":5,"minecraft:rose_bush":1,"minecraft:stone_pickaxe":1,"minecraft:wooden_pickaxe":2},"minecraft:crafted":{"minecraft:wooden_sword":1,"minecraft:oak_planks":36,"minecraft:cooked_porkchop":3,"minecraft:crafting_table":4,"minecraft:wooden_pickaxe":2,"minecraft:cooked_chicken":3,"minecraft:furnace":3,"minecraft:bucket":1,"minecraft:birch_planks":48,"minecraft:cooked_mutton":11,"minecraft:iron_boots":1,"minecraft:iron_chestplate":1,"minecraft:shield":1,"minecraft:stick":28,"minecraft:iron_ingot":22,"minecraft:iron_pickaxe":1,"minecraft:stone_pickaxe":4,"minecraft:stone_sword":2,"minecraft:iron_leggings":1,"minecraft:white_bed":2,"minecraft:torch":28},"minecraft:used":{"minecraft:cooked_mutton":6,"minecraft:stone_sword":82,"minecraft:stone_pickaxe":347,"minecraft:shield":2,"minecraft:wooden_pickaxe":89,"minecraft:torch":26,"minecraft:dirt":1,"minecraft:crafting_table":5,"minecraft:white_bed":2,"minecraft:iron_pickaxe":211,"minecraft:cobblestone":35,"minecraft:furnace":4,"minecraft:cooked_porkchop":3,"minecraft:bucket":1,"minecraft:andesite":6},"minecraft:custom":{"minecraft:interact_with_furnace":21,"minecraft:mob_kills":12,"minecraft:interact_with_crafting_table":26,"minecraft:leave_game":3,"minecraft:time_since_death":21083,"minecraft:sleep_in_bed":1,"minecraft:time_since_rest":21182,"minecraft:sprint_one_cm":686,"minecraft:damage_taken":1540,"minecraft:walk_one_cm":271191,"minecraft:damage_blocked_by_shield":80,"minecraft:drop":23,"minecraft:damage_dealt":1301,"minecraft:swim_one_cm":632,"minecraft:fly_one_cm":2401,"minecraft:crouch_one_cm":198,"minecraft:play_time":111139,"minecraft:deaths":3,"minecraft:sneak_time":145,"minecraft:walk_under_water_one_cm":17735,"minecraft:jump":780,"minecraft:walk_on_water_one_cm":20877,"minecraft:total_world_time":111139,"minecraft:fall_one_cm":9867}},"DataVersion":3953}