{"stats":{"minecraft:custom":{"minecraft:time_since_rest":20750,"minecraft:interact_with_furnace":5,"minecraft:sprint_one_cm":142,"minecraft:damage_taken":830,"minecraft:walk_one_cm":101121,"minecraft:mob_kills":1,"minecraft:drop":3,"minecraft:damage_dealt":203,"minecraft:swim_one_cm":632,"minecraft:interact_with_crafting_table":11,"minecraft:fly_one_cm":677,"minecraft:play_time":41165,"minecraft:deaths":2,"minecraft:sneak_time":27,"minecraft:walk_under_water_one_cm":14066,"minecraft:jump":333,"minecraft:leave_game":2,"minecraft:walk_on_water_one_cm":8790,"minecraft:time_since_death":20724,"minecraft:total_world_time":41165,"minecraft:fall_one_cm":2181},"minecraft:killed":{"minecraft:zombie":1},"minecraft:mined":{"minecraft:birch_log":12,"minecraft:birch_leaves":3,"minecraft:andesite":28,"minecraft:granite":2,"minecraft:coal_ore":47,"minecraft:oak_log":14,"minecraft:grass_block":6,"minecraft:gravel":9,"minecraft:dirt":12,"minecraft:cobblestone":2,"minecraft:stone":101,"minecraft:oak_leaves":1,"minecraft:wall_torch":1},"minecraft:picked_up":{"minecraft:birch_log":12,"minecraft:andesite":39,"minecraft:torch":5,"minecraft:flint":2,"minecraft:birch_planks":11,"minecraft:gravel":11,"minecraft:porkchop":6,"minecraft:oak_log":14,"minecraft:dirt":18,"minecraft:wooden_sword":1,"minecraft:arrow":3,"minecraft:granite":4,"minecraft:stone_pickaxe":3,"minecraft:coal":47,"minecraft:cobblestone":155},"minecraft:dropped":{"minecraft:gravel":1,"minecraft:stone_sword":1,"minecraft:stone_pickaxe":1},"minecraft:crafted":{"minecraft:wooden_sword":1,"minecraft:oak_planks":24,"minecraft:cooked_porkchop":3,"minecraft:crafting_table":2,"minecraft:stick":16,"minecraft:wooden_pickaxe":2,"minecraft:stone_pickaxe":3,"minecraft:stone_sword":2,"minecraft:furnace":1,"minecraft:torch":4,"minecraft:birch_planks":48},"minecraft:broken":{"minecraft:wooden_pickaxe":1},"minecraft:used":{"minecraft:stone_sword":11,"minecraft:stone_pickaxe":132,"minecraft:wooden_pickaxe":76,"minecraft:torch":6,"minecraft:cobblestone":6,"minecraft:crafting_table":2,"minecraft:furnace":1,"minecraft:cooked_porkchop":2,"minecraft:andesite":2}},"DataVersion":3953}