{"stats":{"minecraft:custom":{"minecraft:time_since_rest":32750,"minecraft:interact_with_furnace":5,"minecraft:sprint_one_cm":142,"minecraft:damage_taken":830,"minecraft:walk_one_cm":151308,"minecraft:mob_kills":9,"minecraft:drop":3,"minecraft:damage_dealt":804,"minecraft:swim_one_cm":632,"minecraft:interact_with_crafting_table":12,"minecraft:fly_one_cm":837,"minecraft:crouch_one_cm":198,"minecraft:play_time":53165,"minecraft:deaths":2,"minecraft:sneak_time":115,"minecraft:walk_under_water_one_cm":16403,"minecraft:jump":392,"minecraft:leave_game":2,"minecraft:walk_on_water_one_cm":12709,"minecraft:time_since_death":32724,"minecraft:total_world_time":53165,"minecraft:fall_one_cm":2661},"minecraft:killed":{"minecraft:sheep":7,"minecraft:zombie":1,"minecraft:chicken":1},"minecraft:mined":{"minecraft:birch_log":12,"minecraft:birch_leaves":3,"minecraft:andesite":28,"minecraft:granite":2,"minecraft:short_grass":10,"minecraft:coal_ore":47,"minecraft:oak_log":14,"minecraft:grass_block":10,"minecraft:rose_bush":1,"minecraft:gravel":9,"minecraft:dirt":27,"minecraft:cobblestone":2,"minecraft:stone":101,"minecraft:oak_leaves":3,"minecraft:wall_torch":1},"minecraft:picked_up":{"minecraft:birch_log":12,"minecraft:chicken":1,"minecraft:andesite":39,"minecraft:torch":5,"minecraft:flint":2,"minecraft:birch_planks":11,"minecraft:gravel":11,"minecraft:porkchop":6,"minecraft:oak_log":14,"minecraft:dirt":36,"minecraft:wooden_sword":1,"minecraft:arrow":3,"minecraft:wheat_seeds":1,"minecraft:granite":4,"minecraft:stone_pickaxe":3,"minecraft:rose_bush":1,"minecraft:gray_wool":2,"minecraft:mutton":10,"minecraft:coal":47,"minecraft:white_wool":5,"minecraft:cobblestone":155,"minecraft:egg":1},"minecraft:dropped":{"minecraft:gravel":1,"minecraft:stone_sword":1,"minecraft:stone_pickaxe":1},"minecraft:crafted":{"minecraft:wooden_sword":1,"minecraft:oak_planks":24,"minecraft:cooked_porkchop":3,"minecraft:crafting_table":3,"minecraft:stick":16,"minecraft:wooden_pickaxe":2,"minecraft:stone_pickaxe":3,"minecraft:stone_sword":2,"minecraft:furnace":1,"minecraft:torch":4,"minecraft:birch_planks":48},"minecraft:broken":{"minecraft:wooden_pickaxe":1},"minecraft:used":{"minecraft:stone_sword":64,"minecraft:stone_pickaxe":142,"minecraft:wooden_pickaxe":76,"minecraft:torch":6,"minecraft:cobblestone":6,"minecraft:crafting_table":3,"minecraft:furnace":1,"minecraft:cooked_porkchop":2,"minecraft:andesite":2}},"DataVersion":3953}