{"stats":{"minecraft:custom":{"minecraft:time_since_rest":268,"minecraft:damage_taken":240,"minecraft:walk_one_cm":22532,"minecraft:drop":2,"minecraft:damage_dealt":5,"minecraft:swim_one_cm":632,"minecraft:interact_with_crafting_table":2,"minecraft:fly_one_cm":231,"minecraft:play_time":17198,"minecraft:deaths":1,"minecraft:walk_under_water_one_cm":4166,"minecraft:jump":82,"minecraft:leave_game":2,"minecraft:walk_on_water_one_cm":1577,"minecraft:time_since_death":0,"minecraft:total_world_time":17198,"minecraft:fall_one_cm":838},"minecraft:mined":{"minecraft:birch_log":7,"minecraft:andesite":17,"minecraft:granite":2,"minecraft:coal_ore":33,"minecraft:grass_block":6,"minecraft:oak_log":5,"minecraft:dirt":12,"minecraft:gravel":4,"minecraft:cobblestone":1,"minecraft:stone":68,"minecraft:oak_leaves":1,"minecraft:wall_torch":1},"minecraft:picked_up":{"minecraft:birch_log":7,"minecraft:andesite":14,"minecraft:torch":1,"minecraft:gravel":5,"minecraft:oak_log":5,"minecraft:dirt":18,"minecraft:stone_pickaxe":1,"minecraft:granite":2,"minecraft:coal":33,"minecraft:cobblestone":66},"minecraft:dropped":{"minecraft:gravel":1,"minecraft:stone_pickaxe":1},"minecraft:crafted":{"minecraft:wooden_sword":1,"minecraft:crafting_table":2,"minecraft:stick":8,"minecraft:wooden_pickaxe":1,"minecraft:stone_pickaxe":2,"minecraft:birch_planks":28,"minecraft:torch":4},"minecraft:broken":{"minecraft:wooden_pickaxe":1},"minecraft:used":{"minecraft:stone_pickaxe":86,"minecraft:wooden_pickaxe":58,"minecraft:torch":2,"minecraft:cobblestone":6,"minecraft:crafting_table":2}},"DataVersion":3953}