{"stats":{"minecraft:mined":{"minecraft:powder_snow":1},"minecraft:custom":{"minecraft:jump":119,"minecraft:time_since_rest":1,"minecraft:damage_taken":470,"minecraft:crouch_one_cm":504,"minecraft:leave_game":5,"minecraft:play_time":11108,"minecraft:sprint_one_cm":14226,"minecraft:time_since_death":0,"minecraft:walk_one_cm":48406,"minecraft:deaths":2,"minecraft:sneak_time":88,"minecraft:total_world_time":11108,"minecraft:interact_with_lectern":2,"minecraft:fall_one_cm":209,"minecraft:fly_one_cm":4064},"minecraft:killed_by":{"minecraft:zombie":1}},"DataVersion":3465}