{"stats":{"minecraft:killed":{"minecraft:sheep":8,"minecraft:zombie":4,"minecraft:chicken":3},"minecraft:mined":{"minecraft:white_bed":2,"minecraft:crafting_table":2,"minecraft:granite":4,"minecraft:short_grass":10,"minecraft:grass_block":12,"minecraft:rose_bush":1,"minecraft:cobblestone":10,"minecraft:copper_ore":11,"minecraft:lapis_ore":7,"minecraft:diorite":23,"minecraft:wall_torch":4,"minecraft:furnace":1,"minecraft:birch_log":18,"minecraft:iron_ore":44,"minecraft:andesite":55,"minecraft:birch_leaves":3,"minecraft:deepslate_iron_ore":6,"minecraft:oak_log":16,"minecraft:pointed_dripstone":1,"minecraft:coal_ore":78,"minecraft:gravel":10,"minecraft:dripstone_block":6,"minecraft:dirt":40,"minecraft:stone":408,"minecraft:deepslate":91,"minecraft:oak_leaves":9},"minecraft:broken":{"minecraft:stone_pickaxe":3,"minecraft:wooden_pickaxe":1},"minecraft:killed_by":{"minecraft:skeleton":1},"minecraft:picked_up":{"minecraft:birch_log":18,"minecraft:crafting_table":2,"minecraft:chicken":9,"minecraft:andesite":75,"minecraft:wooden_pickaxe":2,"minecraft:birch_planks":16,"minecraft:flint":4,"minecraft:oak_log":16,"minecraft:shield":1,"minecraft:lapis_lazuli":81,"minecraft:dirt":83,"minecraft:raw_copper":70,"minecraft:wooden_sword":1,"minecraft:cooked_mutton":20,"minecraft:wheat_seeds":2,"minecraft:cobbled_deepslate":88,"minecraft:iron_ingot":6,"minecraft:stone_pickaxe":3,"minecraft:cooked_chicken":1,"minecraft:rose_bush":2,"minecraft:iron_pickaxe":1,"minecraft:iron_sword":1,"minecraft:oak_planks":20,"minecraft:egg":2,"minecraft:furnace":2,"minecraft:stick":2,"minecraft:raw_iron":55,"minecraft:torch":18,"minecraft:dripstone_block":15,"minecraft:gravel":14,"minecraft:porkchop":10,"minecraft:pointed_dripstone":4,"minecraft:diorite":40,"minecraft:white_bed":4,"minecraft:stone_sword":1,"minecraft:arrow":6,"minecraft:granite":9,"minecraft:gray_wool":4,"minecraft:oak_sapling":5,"minecraft:mutton":11,"minecraft:coal":105,"minecraft:white_wool":6,"minecraft:cobblestone":709},"minecraft:dropped":{"minecraft:gravel":4,"minecraft:porkchop":4,"minecraft:wheat_seeds":1,"minecraft:stone_sword":2,"minecraft:pointed_dripstone":3,"minecraft:chicken":2,"minecraft:cobblestone":3,"minecraft:granite":3,"minecraft:cooked_mutton":22,"minecraft:andesite":5,"minecraft:rose_bush":1,"minecraft:stone_pickaxe":1,"minecraft:wooden_pickaxe":2},"minecraft:crafted":{"minecraft:wooden_sword":1,"minecraft:oak_planks":44,"minecraft:cooked_porkchop":3,"minecraft:crafting_table":5,"minecraft:iron_helmet":1,"minecraft:wooden_pickaxe":2,"minecraft:cooked_chicken":3,"minecraft:furnace":3,"minecraft:bucket":1,"minecraft:birch_planks":72,"minecraft:cooked_mutton":11,"minecraft:iron_boots":1,"minecraft:iron_chestplate":1,"minecraft:shield":1,"minecraft:stick":28,"minecraft:iron_ingot":28,"minecraft:iron_pickaxe":1,"minecraft:stone_pickaxe":7,"minecraft:stone_sword":2,"minecraft:iron_leggings":1,"minecraft:white_bed":2,"minecraft:torch":28},"minecraft:used":{"minecraft:cooked_mutton":6,"minecraft:water_bucket":1,"minecraft:stone_sword":82,"minecraft:stone_pickaxe":498,"minecraft:shield":2,"minecraft:wooden_pickaxe":89,"minecraft:iron_sword":24,"minecraft:cooked_chicken":1,"minecraft:torch":31,"minecraft:dirt":1,"minecraft:crafting_table":6,"minecraft:white_bed":2,"minecraft:iron_pickaxe":216,"minecraft:cobblestone":49,"minecraft:furnace":4,"minecraft:cooked_porkchop":3,"minecraft:bucket":2,"minecraft:andesite":6},"minecraft:custom":{"minecraft:interact_with_furnace":24,"minecraft:mob_kills":15,"minecraft:interact_with_crafting_table":31,"minecraft:leave_game":3,"minecraft:time_since_death":45083,"minecraft:sleep_in_bed":1,"minecraft:time_since_rest":45182,"minecraft:sprint_one_cm":686,"minecraft:damage_taken":1662,"minecraft:walk_one_cm":346111,"minecraft:damage_blocked_by_shield":80,"minecraft:drop":25,"minecraft:damage_dealt":1770,"minecraft:swim_one_cm":632,"minecraft:fly_one_cm":2950,"minecraft:crouch_one_cm":198,"minecraft:play_time":135139,"minecraft:deaths":3,"minecraft:sneak_time":145,"minecraft:walk_under_water_one_cm":17778,"minecraft:jump":944,"minecraft:walk_on_water_one_cm":24118,"minecraft:total_world_time":135139,"minecraft:fall_one_cm":12659}},"DataVersion":3953}