{"stats":{"minecraft:used":{"minecraft:baked_potato":4,"minecraft:spruce_planks":31,"minecraft:iron_sword":124,"minecraft:torch":13,"minecraft:crafting_table":1,"minecraft:carrot":2,"minecraft:music_disc_13":1,"tombstone:bag_of_seeds":2,"minecraft:apple":5,"minecraft:bread":8,"minecraft:iron_pickaxe":22,"minecraft:iron_helmet":3,"minecraft:stone_bricks":1,"minecraft:stone_axe":4,"minecraft:diamond_sword":13,"minecraft:potion":1,"minecraft:chainmail_boots":2,"tombstone:gift":2,"minecraft:potato":3,"minecraft:chainmail_leggings":1},"minecraft:crafted":{"minecraft:crafting_table":1,"minecraft:iron_sword":1,"minecraft:iron_pickaxe":1},"minecraft:mined":{"minecraft:spruce_planks":5,"minecraft:stone_pressure_plate":1,"minecraft:mossy_cobblestone":2,"minecraft:powder_snow":1,"minecraft:torch":1,"minecraft:grass_block":1,"minecraft:tall_grass":1,"minecraft:iron_door":1,"minecraft:spawner":6,"minecraft:bookshelf":2,"minecraft:coal_ore":1,"minecraft:vine":2,"minecraft:iron_bars":5,"minecraft:stone":2,"minecraft:mossy_stone_bricks":1},"minecraft:picked_up":{"minecraft:chainmail_boots":1,"minecraft:iron_door":1,"minecraft:potato":1,"minecraft:enchanted_book":1,"minecraft:potion":1,"minecraft:gunpowder":1,"minecraft:string":4,"minecraft:dirt":1,"minecraft:stone_bricks":1,"minecraft:cracked_stone_bricks":2,"minecraft:wheat_seeds":3,"minecraft:spruce_planks":5,"minecraft:iron_ingot":2,"tombstone:bag_of_seeds":1,"minecraft:glass_bottle":3,"minecraft:minecart":1,"minecraft:chest":1,"minecraft:iron_sword":1,"minecraft:book":6,"minecraft:stick":7,"minecraft:torch":2,"minecraft:bowl":2,"minecraft:spruce_stairs":4,"tombstone:grave_dust":1,"minecraft:spruce_log":4,"minecraft:golden_chestplate":1,"minecraft:stone_pressure_plate":1,"minecraft:pumpkin_seeds":3,"minecraft:rotten_flesh":5,"minecraft:iron_helmet":1,"minecraft:coal":1,"minecraft:iron_bars":4,"minecraft:ender_pearl":1},"minecraft:killed":{"minecraft:spider":1,"minecraft:skeleton":2,"minecraft:zombie":5},"minecraft:custom":{"minecraft:mob_kills":9,"minecraft:play_record":1,"minecraft:interact_with_crafting_table":3,"minecraft:leave_game":10,"minecraft:time_since_death":601,"minecraft:climb_one_cm":2157,"minecraft:time_since_rest":1,"minecraft:sprint_one_cm":29001,"minecraft:damage_taken":2751,"minecraft:walk_one_cm":432241,"minecraft:drop":8,"minecraft:damage_dealt":1607,"minecraft:fly_one_cm":7339,"minecraft:open_chest":84,"minecraft:crouch_one_cm":3046,"minecraft:play_time":78761,"tombstone:undead_killed":7,"minecraft:deaths":7,"minecraft:sneak_time":450,"minecraft:interact_with_lectern":2,"minecraft:jump":247,"minecraft:interact_with_brewingstand":1,"minecraft:walk_on_water_one_cm":215,"minecraft:total_world_time":78761,"minecraft:fall_one_cm":2468,"minecraft:horse_one_cm":23297},"minecraft:dropped":{"minecraft:iron_sword":1,"minecraft:ender_pearl":1,"minecraft:iron_helmet":1,"minecraft:shield":1,"minecraft:leather_horse_armor":1,"tombstone:grave_dust":1,"minecraft:potion":2},"minecraft:killed_by":{"minecraft:zombie":1}},"DataVersion":3465}