{"stats":{"minecraft:custom":{"minecraft:time_since_rest":8750,"minecraft:sprint_one_cm":7,"minecraft:damage_taken":710,"minecraft:walk_one_cm":54314,"minecraft:drop":3,"minecraft:damage_dealt":5,"minecraft:swim_one_cm":632,"minecraft:interact_with_crafting_table":8,"minecraft:fly_one_cm":393,"minecraft:play_time":29165,"minecraft:deaths":2,"minecraft:sneak_time":27,"minecraft:walk_under_water_one_cm":14066,"minecraft:jump":200,"minecraft:leave_game":2,"minecraft:walk_on_water_one_cm":8211,"minecraft:time_since_death":8724,"minecraft:total_world_time":29165,"minecraft:fall_one_cm":2181},"minecraft:mined":{"minecraft:birch_log":12,"minecraft:birch_leaves":3,"minecraft:andesite":22,"minecraft:granite":2,"minecraft:coal_ore":45,"minecraft:oak_log":11,"minecraft:grass_block":6,"minecraft:gravel":4,"minecraft:dirt":12,"minecraft:cobblestone":2,"minecraft:stone":78,"minecraft:oak_leaves":1,"minecraft:wall_torch":1},"minecraft:picked_up":{"minecraft:birch_log":12,"minecraft:andesite":33,"minecraft:torch":5,"minecraft:birch_planks":11,"minecraft:gravel":9,"minecraft:oak_log":11,"minecraft:dirt":18,"minecraft:wooden_sword":1,"minecraft:arrow":1,"minecraft:granite":4,"minecraft:stone_pickaxe":3,"minecraft:coal":45,"minecraft:cobblestone":133},"minecraft:dropped":{"minecraft:gravel":1,"minecraft:stone_sword":1,"minecraft:stone_pickaxe":1},"minecraft:crafted":{"minecraft:wooden_sword":1,"minecraft:oak_planks":24,"minecraft:crafting_table":2,"minecraft:stick":16,"minecraft:wooden_pickaxe":2,"minecraft:stone_pickaxe":3,"minecraft:stone_sword":1,"minecraft:torch":4,"minecraft:birch_planks":48},"minecraft:broken":{"minecraft:wooden_pickaxe":1},"minecraft:used":{"minecraft:stone_pickaxe":102,"minecraft:wooden_pickaxe":70,"minecraft:torch":6,"minecraft:cobblestone":6,"minecraft:crafting_table":2,"minecraft:andesite":2}},"DataVersion":3953}