{"stats":{"minecraft:picked_up":{"securitycraft:reinforced_fence_gate":1,"minecraft:oak_slab":2,"minecraft:stick":2,"minecraft:andesite":1,"securitycraft:panic_button":3,"securitycraft:track_mine":1,"securitycraft:taser":2,"securitycraft:camera_monitor":2,"securitycraft:sc_manual":1,"securitycraft:portable_radar":2,"minecraft:diorite":27,"securitycraft:briefcase":2,"minecraft:dirt":43,"minecraft:flint_and_steel":2,"minecraft:zombie_spawn_egg":28,"securitycraft:alarm":2,"minecraft:bone":2,"minecraft:rotten_flesh":8,"securitycraft:bucket_f_water":1,"minecraft:wheat_seeds":2,"securitycraft:electrified_iron_fence":1,"securitycraft:bucket_f_lava":1,"minecraft:cobblestone":9},"minecraft:used":{"securitycraft:electrified_iron_fence":24,"minecraft:flint_and_steel":1,"securitycraft:panic_button":3,"securitycraft:bucket_f_lava":1,"minecraft:zombie_spawn_egg":18,"securitycraft:bucket_f_water":2,"securitycraft:track_mine":1,"securitycraft:mine":2,"minecraft:dirt":3,"minecraft:bucket":3,"securitycraft:briefcase":1,"securitycraft:reinforced_fence_gate":3,"securitycraft:bouncing_betty":24,"securitycraft:portable_radar":2,"securitycraft:alarm":4},"minecraft:killed_by":{"minecraft:skeleton":1,"minecraft:creeper":1},"minecraft:custom":{"minecraft:time_since_rest":18243,"minecraft:sprint_one_cm":1366,"minecraft:damage_taken":3410,"minecraft:walk_one_cm":104673,"minecraft:drop":5,"minecraft:damage_dealt":10,"minecraft:interact_with_crafting_table":1,"minecraft:fly_one_cm":30395,"minecraft:open_chest":2,"minecraft:crouch_one_cm":35,"minecraft:play_time":54521,"minecraft:deaths":9,"minecraft:sneak_time":438,"minecraft:walk_under_water_one_cm":535,"minecraft:jump":246,"minecraft:leave_game":1,"minecraft:time_since_death":18214,"minecraft:walk_on_water_one_cm":6901,"minecraft:total_world_time":54521,"minecraft:climb_one_cm":555,"minecraft:fall_one_cm":13203},"minecraft:dropped":{"minecraft:oak_fence_gate":1,"minecraft:dirt":10,"securitycraft:sc_manual":1,"securitycraft:panic_button":1},"minecraft:mined":{"minecraft:jungle_leaves":1,"minecraft:grass":2,"minecraft:grass_block":6,"minecraft:dirt":4,"minecraft:fern":1}},"DataVersion":3465}