{"stats":{"minecraft:used":{"minecraft:apple":3,"minecraft:baked_potato":2,"minecraft:bread":8,"minecraft:iron_pickaxe":10,"minecraft:spruce_planks":6,"minecraft:iron_helmet":3,"minecraft:iron_sword":124,"minecraft:stone_axe":2,"minecraft:torch":8,"minecraft:potion":1,"minecraft:crafting_table":1,"minecraft:chainmail_boots":1,"tombstone:gift":2},"minecraft:crafted":{"minecraft:crafting_table":1,"minecraft:iron_pickaxe":1,"minecraft:iron_sword":1},"minecraft:mined":{"minecraft:spruce_planks":4,"minecraft:stone_pressure_plate":1,"minecraft:powder_snow":1,"minecraft:torch":1,"minecraft:grass_block":1,"minecraft:iron_bars":2,"minecraft:tall_grass":1,"minecraft:iron_door":1,"minecraft:spawner":4},"minecraft:picked_up":{"minecraft:stick":7,"minecraft:iron_door":1,"minecraft:torch":1,"minecraft:bowl":2,"minecraft:spruce_stairs":4,"minecraft:potato":1,"minecraft:enchanted_book":1,"minecraft:potion":1,"tombstone:grave_dust":1,"minecraft:spruce_log":4,"minecraft:gunpowder":1,"minecraft:stone_pressure_plate":1,"minecraft:dirt":1,"minecraft:rotten_flesh":5,"minecraft:stone_bricks":1,"minecraft:cracked_stone_bricks":2,"minecraft:wheat_seeds":3,"minecraft:spruce_planks":4,"minecraft:iron_helmet":1,"minecraft:iron_ingot":2,"tombstone:bag_of_seeds":1,"minecraft:glass_bottle":3,"minecraft:minecart":1,"minecraft:chest":1,"minecraft:iron_sword":1,"minecraft:iron_bars":2},"minecraft:dropped":{"minecraft:iron_sword":1,"minecraft:leather_horse_armor":1,"minecraft:iron_helmet":1,"minecraft:potion":2,"tombstone:grave_dust":1},"minecraft:killed":{"minecraft:skeleton":2,"minecraft:zombie":4},"minecraft:custom":{"minecraft:time_since_rest":9542,"minecraft:sprint_one_cm":27069,"minecraft:damage_taken":2158,"minecraft:walk_one_cm":278428,"minecraft:mob_kills":7,"minecraft:drop":6,"minecraft:damage_dealt":1387,"minecraft:interact_with_crafting_table":3,"minecraft:fly_one_cm":6674,"minecraft:open_chest":49,"minecraft:crouch_one_cm":1669,"minecraft:play_time":52149,"tombstone:undead_killed":6,"minecraft:deaths":5,"minecraft:sneak_time":273,"minecraft:interact_with_lectern":2,"minecraft:jump":152,"minecraft:leave_game":6,"minecraft:time_since_death":10006,"minecraft:total_world_time":52149,"minecraft:fall_one_cm":478,"minecraft:horse_one_cm":23297},"minecraft:killed_by":{"minecraft:zombie":1}},"DataVersion":3465}