{"stats":{"minecraft:custom":{"minecraft:interact_with_furnace":15,"minecraft:mob_kills":12,"minecraft:interact_with_crafting_table":22,"minecraft:leave_game":2,"minecraft:time_since_death":68724,"minecraft:sleep_in_bed":1,"minecraft:time_since_rest":31635,"minecraft:sprint_one_cm":686,"minecraft:damage_taken":1180,"minecraft:walk_one_cm":219729,"minecraft:drop":10,"minecraft:damage_dealt":1301,"minecraft:swim_one_cm":632,"minecraft:fly_one_cm":1553,"minecraft:crouch_one_cm":198,"minecraft:play_time":89165,"minecraft:deaths":2,"minecraft:sneak_time":145,"minecraft:walk_under_water_one_cm":16915,"minecraft:jump":601,"minecraft:walk_on_water_one_cm":16635,"minecraft:total_world_time":89165,"minecraft:fall_one_cm":3534},"minecraft:killed":{"minecraft:sheep":8,"minecraft:zombie":3,"minecraft:chicken":1},"minecraft:mined":{"minecraft:white_bed":2,"minecraft:crafting_table":1,"minecraft:granite":4,"minecraft:short_grass":10,"minecraft:grass_block":12,"minecraft:rose_bush":1,"minecraft:copper_ore":11,"minecraft:cobblestone":3,"minecraft:lapis_ore":5,"minecraft:diorite":22,"minecraft:wall_torch":4,"minecraft:furnace":1,"minecraft:birch_log":12,"minecraft:iron_ore":12,"minecraft:andesite":28,"minecraft:birch_leaves":3,"minecraft:pointed_dripstone":1,"minecraft:oak_log":14,"minecraft:coal_ore":78,"minecraft:dripstone_block":6,"minecraft:dirt":40,"minecraft:gravel":9,"minecraft:stone":379,"minecraft:oak_leaves":3},"minecraft:picked_up":{"minecraft:birch_log":12,"minecraft:crafting_table":1,"minecraft:chicken":5,"minecraft:andesite":39,"minecraft:wooden_pickaxe":1,"minecraft:birch_planks":11,"minecraft:flint":2,"minecraft:oak_log":14,"minecraft:lapis_lazuli":32,"minecraft:dirt":51,"minecraft:raw_copper":35,"minecraft:wooden_sword":1,"minecraft:cooked_mutton":17,"minecraft:wheat_seeds":1,"minecraft:iron_ingot":3,"minecraft:stone_pickaxe":3,"minecraft:rose_bush":1,"minecraft:furnace":1,"minecraft:egg":1,"minecraft:raw_iron":12,"minecraft:torch":7,"minecraft:dripstone_block":6,"minecraft:gravel":11,"minecraft:porkchop":10,"minecraft:pointed_dripstone":1,"minecraft:diorite":20,"minecraft:white_bed":2,"minecraft:arrow":3,"minecraft:granite":6,"minecraft:gray_wool":2,"minecraft:mutton":11,"minecraft:coal":78,"minecraft:white_wool":6,"minecraft:cobblestone":423},"minecraft:dropped":{"minecraft:gravel":1,"minecraft:porkchop":4,"minecraft:stone_sword":1,"minecraft:chicken":2,"minecraft:cooked_mutton":22,"minecraft:stone_pickaxe":1,"minecraft:wooden_pickaxe":1},"minecraft:crafted":{"minecraft:wooden_sword":1,"minecraft:oak_planks":36,"minecraft:cooked_porkchop":3,"minecraft:crafting_table":4,"minecraft:wooden_pickaxe":2,"minecraft:cooked_chicken":1,"minecraft:furnace":3,"minecraft:birch_planks":48,"minecraft:cooked_mutton":11,"minecraft:shield":1,"minecraft:stick":24,"minecraft:iron_ingot":3,"minecraft:iron_pickaxe":1,"minecraft:stone_pickaxe":4,"minecraft:stone_sword":2,"minecraft:white_bed":2,"minecraft:torch":28},"minecraft:broken":{"minecraft:stone_pickaxe":2,"minecraft:wooden_pickaxe":1},"minecraft:used":{"minecraft:cooked_mutton":3,"minecraft:stone_sword":82,"minecraft:stone_pickaxe":347,"minecraft:wooden_pickaxe":89,"minecraft:torch":20,"minecraft:dirt":1,"minecraft:crafting_table":5,"minecraft:white_bed":2,"minecraft:iron_pickaxe":171,"minecraft:cobblestone":24,"minecraft:furnace":3,"minecraft:cooked_porkchop":3,"minecraft:andesite":2}},"DataVersion":3953}