{"stats":{"minecraft:used":{"minecraft:bread":2,"minecraft:iron_pickaxe":7,"minecraft:iron_helmet":1,"minecraft:iron_sword":43,"minecraft:torch":3,"minecraft:potion":1,"minecraft:crafting_table":1,"minecraft:chainmail_boots":1,"tombstone:gift":2},"minecraft:crafted":{"minecraft:crafting_table":1,"minecraft:iron_pickaxe":1,"minecraft:iron_sword":1},"minecraft:mined":{"minecraft:stone_pressure_plate":1,"minecraft:powder_snow":1,"minecraft:torch":1,"minecraft:grass_block":1,"minecraft:iron_bars":2,"minecraft:tall_grass":1,"minecraft:iron_door":1,"minecraft:spawner":3},"minecraft:picked_up":{"minecraft:stick":7,"minecraft:iron_door":1,"minecraft:torch":1,"minecraft:bowl":2,"minecraft:spruce_stairs":4,"minecraft:potato":1,"minecraft:potion":1,"tombstone:grave_dust":1,"minecraft:spruce_log":4,"minecraft:gunpowder":1,"minecraft:dirt":1,"minecraft:rotten_flesh":4,"minecraft:cracked_stone_bricks":1,"minecraft:iron_ingot":2,"minecraft:glass_bottle":3,"minecraft:minecart":1,"minecraft:chest":1,"minecraft:iron_bars":2},"minecraft:dropped":{"minecraft:leather_horse_armor":1,"minecraft:potion":2,"tombstone:grave_dust":1},"minecraft:killed":{"minecraft:skeleton":1,"minecraft:zombie":3},"minecraft:custom":{"minecraft:time_since_rest":1,"minecraft:sprint_one_cm":26706,"minecraft:damage_taken":829,"minecraft:walk_one_cm":235481,"minecraft:mob_kills":4,"minecraft:drop":4,"minecraft:damage_dealt":686,"minecraft:interact_with_crafting_table":3,"minecraft:fly_one_cm":4656,"minecraft:open_chest":44,"minecraft:crouch_one_cm":1579,"minecraft:play_time":40149,"tombstone:undead_killed":4,"minecraft:deaths":3,"minecraft:sneak_time":243,"minecraft:interact_with_lectern":2,"minecraft:jump":138,"minecraft:leave_game":6,"minecraft:time_since_death":394,"minecraft:total_world_time":40149,"minecraft:fall_one_cm":478,"minecraft:horse_one_cm":23297},"minecraft:killed_by":{"minecraft:zombie":1}},"DataVersion":3465}