{"stats":{"minecraft:custom":{"minecraft:interact_with_furnace":15,"minecraft:mob_kills":12,"minecraft:interact_with_crafting_table":22,"minecraft:leave_game":3,"minecraft:time_since_death":9124,"minecraft:sleep_in_bed":1,"minecraft:time_since_rest":9223,"minecraft:sprint_one_cm":686,"minecraft:damage_taken":1540,"minecraft:walk_one_cm":255132,"minecraft:damage_blocked_by_shield":80,"minecraft:drop":13,"minecraft:damage_dealt":1301,"minecraft:swim_one_cm":632,"minecraft:fly_one_cm":2224,"minecraft:crouch_one_cm":198,"minecraft:play_time":99180,"minecraft:deaths":3,"minecraft:sneak_time":145,"minecraft:walk_under_water_one_cm":17735,"minecraft:jump":743,"minecraft:walk_on_water_one_cm":20596,"minecraft:total_world_time":99180,"minecraft:fall_one_cm":7991},"minecraft:killed":{"minecraft:sheep":8,"minecraft:zombie":3,"minecraft:chicken":1},"minecraft:mined":{"minecraft:white_bed":2,"minecraft:crafting_table":1,"minecraft:granite":4,"minecraft:short_grass":10,"minecraft:grass_block":12,"minecraft:rose_bush":1,"minecraft:copper_ore":11,"minecraft:cobblestone":3,"minecraft:lapis_ore":5,"minecraft:diorite":22,"minecraft:wall_torch":4,"minecraft:furnace":1,"minecraft:birch_log":12,"minecraft:iron_ore":22,"minecraft:andesite":28,"minecraft:birch_leaves":3,"minecraft:pointed_dripstone":1,"minecraft:oak_log":14,"minecraft:coal_ore":78,"minecraft:dripstone_block":6,"minecraft:dirt":40,"minecraft:gravel":10,"minecraft:stone":389,"minecraft:oak_leaves":3},"minecraft:picked_up":{"minecraft:birch_log":12,"minecraft:crafting_table":1,"minecraft:chicken":7,"minecraft:andesite":48,"minecraft:wooden_pickaxe":2,"minecraft:birch_planks":16,"minecraft:flint":4,"minecraft:oak_log":14,"minecraft:shield":1,"minecraft:lapis_lazuli":64,"minecraft:dirt":83,"minecraft:raw_copper":70,"minecraft:wooden_sword":1,"minecraft:cooked_mutton":20,"minecraft:wheat_seeds":2,"minecraft:iron_ingot":5,"minecraft:stone_pickaxe":3,"minecraft:cooked_chicken":1,"minecraft:rose_bush":2,"minecraft:iron_pickaxe":1,"minecraft:oak_planks":20,"minecraft:furnace":2,"minecraft:egg":2,"minecraft:raw_iron":27,"minecraft:torch":18,"minecraft:dripstone_block":15,"minecraft:gravel":14,"minecraft:porkchop":10,"minecraft:pointed_dripstone":4,"minecraft:diorite":40,"minecraft:white_bed":4,"minecraft:stone_sword":1,"minecraft:arrow":6,"minecraft:granite":8,"minecraft:gray_wool":4,"minecraft:mutton":11,"minecraft:coal":105,"minecraft:white_wool":6,"minecraft:cobblestone":682},"minecraft:dropped":{"minecraft:gravel":1,"minecraft:porkchop":4,"minecraft:stone_sword":1,"minecraft:pointed_dripstone":3,"minecraft:chicken":2,"minecraft:cooked_mutton":22,"minecraft:stone_pickaxe":1,"minecraft:wooden_pickaxe":1},"minecraft:crafted":{"minecraft:wooden_sword":1,"minecraft:oak_planks":36,"minecraft:cooked_porkchop":3,"minecraft:crafting_table":4,"minecraft:wooden_pickaxe":2,"minecraft:cooked_chicken":1,"minecraft:furnace":3,"minecraft:birch_planks":48,"minecraft:cooked_mutton":11,"minecraft:shield":1,"minecraft:stick":24,"minecraft:iron_ingot":3,"minecraft:iron_pickaxe":1,"minecraft:stone_pickaxe":4,"minecraft:stone_sword":2,"minecraft:white_bed":2,"minecraft:torch":28},"minecraft:broken":{"minecraft:stone_pickaxe":2,"minecraft:wooden_pickaxe":1},"minecraft:used":{"minecraft:cooked_mutton":5,"minecraft:stone_sword":82,"minecraft:stone_pickaxe":347,"minecraft:shield":2,"minecraft:wooden_pickaxe":89,"minecraft:torch":23,"minecraft:dirt":1,"minecraft:crafting_table":5,"minecraft:white_bed":2,"minecraft:iron_pickaxe":192,"minecraft:cobblestone":27,"minecraft:furnace":3,"minecraft:cooked_porkchop":3,"minecraft:andesite":6},"minecraft:killed_by":{"minecraft:skeleton":1}},"DataVersion":3953}