{"stats":{"minecraft:picked_up":{"minecraft:oak_slab":2,"minecraft:stick":2,"securitycraft:track_mine":1,"securitycraft:sc_manual":1,"minecraft:dirt":22,"minecraft:flint_and_steel":1,"minecraft:bone":2,"securitycraft:bucket_f_water":1,"minecraft:wheat_seeds":2,"securitycraft:electrified_iron_fence":1,"securitycraft:bucket_f_lava":1},"minecraft:used":{"securitycraft:electrified_iron_fence":11,"securitycraft:panic_button":2,"securitycraft:bucket_f_lava":1,"minecraft:zombie_spawn_egg":1,"securitycraft:bucket_f_water":2,"securitycraft:track_mine":1,"securitycraft:mine":2,"minecraft:bucket":3,"securitycraft:bouncing_betty":1,"securitycraft:portable_radar":2,"securitycraft:alarm":4},"minecraft:killed_by":{"minecraft:skeleton":1,"minecraft:creeper":1},"minecraft:custom":{"minecraft:time_since_rest":11346,"minecraft:sprint_one_cm":1366,"minecraft:damage_taken":2960,"minecraft:walk_one_cm":58745,"minecraft:drop":3,"minecraft:damage_dealt":10,"minecraft:interact_with_crafting_table":1,"minecraft:fly_one_cm":13813,"minecraft:open_chest":2,"minecraft:crouch_one_cm":35,"minecraft:play_time":30521,"minecraft:deaths":7,"minecraft:sneak_time":404,"minecraft:jump":110,"minecraft:leave_game":1,"minecraft:time_since_death":11251,"minecraft:walk_on_water_one_cm":436,"minecraft:total_world_time":30521,"minecraft:climb_one_cm":328,"minecraft:fall_one_cm":7767},"minecraft:dropped":{"minecraft:oak_fence_gate":1,"minecraft:dirt":1,"securitycraft:sc_manual":1},"minecraft:mined":{"minecraft:jungle_leaves":1,"minecraft:grass":2}},"DataVersion":3465}