{"stats":{"minecraft:killed":{"minecraft:skeleton":1,"minecraft:zombie":1,"minecraft:pig":1,"minecraft:chicken":2,"minecraft:salmon":9},"minecraft:broken":{"minecraft:wooden_pickaxe":2},"minecraft:mined":{"minecraft:seagrass":1,"minecraft:magma_block":1,"minecraft:furnace":3,"minecraft:birch_log":4,"minecraft:peony":1,"minecraft:grass_block":2,"minecraft:short_grass":38,"minecraft:oak_log":78,"minecraft:rose_bush":20,"minecraft:gravel":4,"minecraft:sand":14,"minecraft:dirt":1,"minecraft:stone":39,"minecraft:oak_planks":1,"minecraft:oak_leaves":2},"minecraft:killed_by":{"minecraft:skeleton":1,"minecraft:spider":1,"minecraft:witch":1},"minecraft:picked_up":{"minecraft:birch_log":4,"minecraft:magma_block":1,"minecraft:stick":12,"minecraft:feather":1,"minecraft:chicken":2,"minecraft:salmon":9,"minecraft:wooden_pickaxe":1,"minecraft:flint":1,"minecraft:gravel":3,"minecraft:birch_planks":2,"minecraft:porkchop":2,"minecraft:sand":14,"minecraft:oak_log":77,"minecraft:dirt":20,"minecraft:arrow":2,"minecraft:bone":2,"minecraft:rotten_flesh":3,"minecraft:wheat_seeds":3,"minecraft:rose_bush":14,"minecraft:oak_planks":17,"minecraft:cobblestone":39,"minecraft:furnace":3},"minecraft:dropped":{"minecraft:birch_planks":2,"minecraft:rotten_flesh":1,"minecraft:oak_planks":16,"minecraft:wooden_pickaxe":1,"minecraft:stick":24},"minecraft:crafted":{"minecraft:wooden_sword":2,"minecraft:oak_planks":254,"minecraft:crafting_table":4,"minecraft:stick":44,"minecraft:wooden_pickaxe":4,"minecraft:chest":1,"minecraft:furnace":1,"minecraft:birch_planks":14},"minecraft:used":{"minecraft:rose_bush":1,"minecraft:oak_planks":59,"minecraft:wooden_pickaxe":88,"minecraft:salmon":6,"minecraft:sand":6,"minecraft:wooden_sword":47,"minecraft:dirt":16,"minecraft:crafting_table":3,"minecraft:furnace":3},"minecraft:custom":{"minecraft:time_since_rest":8824,"minecraft:interact_with_furnace":3,"minecraft:sprint_one_cm":86652,"minecraft:damage_taken":1430,"minecraft:walk_one_cm":135531,"minecraft:mob_kills":14,"minecraft:drop":6,"minecraft:damage_dealt":1438,"minecraft:swim_one_cm":26043,"minecraft:interact_with_crafting_table":7,"minecraft:fly_one_cm":29367,"minecraft:crouch_one_cm":121,"minecraft:play_time":56816,"minecraft:deaths":5,"minecraft:sneak_time":15,"minecraft:walk_under_water_one_cm":32708,"minecraft:jump":550,"minecraft:leave_game":2,"minecraft:walk_on_water_one_cm":28373,"minecraft:time_since_death":8797,"minecraft:total_world_time":56816,"minecraft:fall_one_cm":9198}},"DataVersion":3953}