{"stats":{"minecraft:killed":{"minecraft:skeleton":1,"minecraft:zombie":1},"minecraft:mined":{"minecraft:birch_log":2,"minecraft:short_grass":18,"minecraft:oak_log":40,"minecraft:rose_bush":17,"minecraft:dirt":1,"minecraft:oak_planks":1,"minecraft:oak_leaves":1},"minecraft:killed_by":{"minecraft:skeleton":1,"minecraft:spider":1},"minecraft:picked_up":{"minecraft:birch_log":2,"minecraft:oak_log":40,"minecraft:dirt":1,"minecraft:bone":2,"minecraft:arrow":2,"minecraft:rotten_flesh":1,"minecraft:wheat_seeds":2,"minecraft:rose_bush":11,"minecraft:oak_planks":1},"minecraft:dropped":{"minecraft:birch_planks":2,"minecraft:oak_planks":16,"minecraft:stick":12},"minecraft:crafted":{"minecraft:oak_planks":152,"minecraft:crafting_table":2,"minecraft:stick":12,"minecraft:birch_planks":6},"minecraft:used":{"minecraft:oak_planks":59,"minecraft:dirt":1},"minecraft:custom":{"minecraft:time_since_rest":5298,"minecraft:sprint_one_cm":21245,"minecraft:damage_taken":880,"minecraft:walk_one_cm":60152,"minecraft:mob_kills":2,"minecraft:drop":3,"minecraft:damage_dealt":546,"minecraft:swim_one_cm":3805,"minecraft:fly_one_cm":4000,"minecraft:crouch_one_cm":121,"minecraft:play_time":22338,"minecraft:deaths":3,"minecraft:sneak_time":15,"minecraft:walk_under_water_one_cm":411,"minecraft:jump":158,"minecraft:leave_game":1,"minecraft:time_since_death":5264,"minecraft:walk_on_water_one_cm":2472,"minecraft:total_world_time":22338,"minecraft:fall_one_cm":3905}},"DataVersion":3953}