{"stats":{"minecraft:killed":{"minecraft:skeleton":1,"minecraft:zombie":1},"minecraft:mined":{"minecraft:short_grass":6,"minecraft:oak_log":1,"minecraft:rose_bush":16,"minecraft:dirt":1},"minecraft:killed_by":{"minecraft:skeleton":1,"minecraft:spider":1},"minecraft:picked_up":{"minecraft:arrow":2,"minecraft:bone":2,"minecraft:rotten_flesh":1,"minecraft:wheat_seeds":1,"minecraft:rose_bush":10,"minecraft:oak_log":1,"minecraft:dirt":1},"minecraft:custom":{"minecraft:time_since_rest":3360,"minecraft:crouch_one_cm":78,"minecraft:sprint_one_cm":3300,"minecraft:walk_one_cm":15778,"minecraft:play_time":5969,"minecraft:damage_taken":630,"minecraft:deaths":2,"minecraft:sneak_time":9,"minecraft:mob_kills":2,"minecraft:jump":33,"minecraft:damage_dealt":546,"minecraft:time_since_death":1369,"minecraft:total_world_time":5969,"minecraft:fall_one_cm":753,"minecraft:fly_one_cm":1312}},"DataVersion":3953}