{"stats":{"minecraft:killed":{"minecraft:skeleton":1,"minecraft:zombie":1,"minecraft:pig":1,"minecraft:chicken":2,"minecraft:salmon":5},"minecraft:broken":{"minecraft:wooden_pickaxe":1},"minecraft:mined":{"minecraft:furnace":3,"minecraft:birch_log":2,"minecraft:peony":1,"minecraft:grass_block":1,"minecraft:short_grass":37,"minecraft:oak_log":54,"minecraft:rose_bush":20,"minecraft:gravel":4,"minecraft:sand":7,"minecraft:dirt":1,"minecraft:stone":26,"minecraft:oak_planks":1,"minecraft:oak_leaves":1},"minecraft:killed_by":{"minecraft:skeleton":1,"minecraft:spider":1,"minecraft:witch":1},"minecraft:picked_up":{"minecraft:birch_log":2,"minecraft:stick":12,"minecraft:feather":1,"minecraft:chicken":2,"minecraft:salmon":5,"minecraft:wooden_pickaxe":1,"minecraft:flint":1,"minecraft:gravel":3,"minecraft:birch_planks":2,"minecraft:porkchop":2,"minecraft:sand":7,"minecraft:oak_log":53,"minecraft:dirt":20,"minecraft:arrow":2,"minecraft:bone":2,"minecraft:rotten_flesh":1,"minecraft:wheat_seeds":3,"minecraft:rose_bush":13,"minecraft:oak_planks":17,"minecraft:cobblestone":26,"minecraft:furnace":3},"minecraft:dropped":{"minecraft:birch_planks":2,"minecraft:oak_planks":16,"minecraft:wooden_pickaxe":1,"minecraft:stick":24},"minecraft:crafted":{"minecraft:wooden_sword":1,"minecraft:oak_planks":196,"minecraft:crafting_table":3,"minecraft:stick":28,"minecraft:wooden_pickaxe":3,"minecraft:furnace":1,"minecraft:birch_planks":6},"minecraft:used":{"minecraft:rose_bush":1,"minecraft:oak_planks":59,"minecraft:wooden_pickaxe":68,"minecraft:salmon":3,"minecraft:sand":6,"minecraft:wooden_sword":39,"minecraft:dirt":16,"minecraft:crafting_table":2,"minecraft:furnace":3},"minecraft:custom":{"minecraft:time_since_rest":9372,"minecraft:interact_with_furnace":3,"minecraft:sprint_one_cm":67094,"minecraft:damage_taken":1370,"minecraft:walk_one_cm":122058,"minecraft:mob_kills":10,"minecraft:drop":5,"minecraft:damage_dealt":1284,"minecraft:swim_one_cm":18601,"minecraft:interact_with_crafting_table":6,"minecraft:fly_one_cm":23360,"minecraft:crouch_one_cm":121,"minecraft:play_time":44816,"minecraft:deaths":4,"minecraft:sneak_time":15,"minecraft:walk_under_water_one_cm":19405,"minecraft:jump":400,"minecraft:leave_game":2,"minecraft:walk_on_water_one_cm":16456,"minecraft:time_since_death":9314,"minecraft:total_world_time":44816,"minecraft:fall_one_cm":7553}},"DataVersion":3953}