{"stats":{"minecraft:killed":{"minecraft:skeleton":1,"minecraft:zombie":1},"minecraft:mined":{"minecraft:birch_log":2,"minecraft:short_grass":32,"minecraft:oak_log":51,"minecraft:rose_bush":17,"minecraft:sand":7,"minecraft:dirt":1,"minecraft:oak_planks":1,"minecraft:oak_leaves":1},"minecraft:killed_by":{"minecraft:skeleton":1,"minecraft:spider":1},"minecraft:picked_up":{"minecraft:birch_log":2,"minecraft:stick":12,"minecraft:birch_planks":2,"minecraft:sand":7,"minecraft:oak_log":49,"minecraft:dirt":1,"minecraft:arrow":2,"minecraft:bone":2,"minecraft:rotten_flesh":1,"minecraft:wheat_seeds":3,"minecraft:rose_bush":11,"minecraft:oak_planks":17},"minecraft:dropped":{"minecraft:birch_planks":2,"minecraft:oak_planks":16,"minecraft:stick":24},"minecraft:crafted":{"minecraft:wooden_sword":1,"minecraft:oak_planks":186,"minecraft:crafting_table":2,"minecraft:stick":24,"minecraft:wooden_pickaxe":1,"minecraft:birch_planks":6},"minecraft:used":{"minecraft:oak_planks":59,"minecraft:wooden_pickaxe":4,"minecraft:wooden_sword":9,"minecraft:dirt":1,"minecraft:crafting_table":1},"minecraft:custom":{"minecraft:time_since_rest":15776,"minecraft:sprint_one_cm":44727,"minecraft:damage_taken":880,"minecraft:walk_one_cm":93690,"minecraft:mob_kills":2,"minecraft:drop":4,"minecraft:damage_dealt":586,"minecraft:swim_one_cm":3805,"minecraft:interact_with_crafting_table":1,"minecraft:fly_one_cm":10015,"minecraft:crouch_one_cm":121,"minecraft:play_time":32816,"minecraft:deaths":3,"minecraft:sneak_time":15,"minecraft:walk_under_water_one_cm":411,"minecraft:jump":251,"minecraft:leave_game":2,"minecraft:walk_on_water_one_cm":2912,"minecraft:time_since_death":15742,"minecraft:total_world_time":32816,"minecraft:fall_one_cm":5159}},"DataVersion":3953}