{"stats":{"minecraft:broken":{"minecraft:iron_pickaxe":1},"minecraft:mined":{"minecraft:tuff":16,"minecraft:deepslate_diamond_ore":8,"minecraft:iron_ore":10,"minecraft:crafting_table":1,"minecraft:granite":41,"minecraft:short_grass":1,"minecraft:oak_log":9,"minecraft:grass_block":3,"minecraft:coal_ore":24,"minecraft:deepslate_iron_ore":11,"minecraft:gravel":38,"minecraft:dirt":14,"minecraft:copper_ore":4,"minecraft:stone":143,"minecraft:wall_torch":1,"minecraft:diorite":4,"minecraft:oak_leaves":2,"minecraft:deepslate":97},"minecraft:picked_up":{"minecraft:crafting_table":1,"minecraft:raw_iron":21,"minecraft:torch":1,"minecraft:gravel":39,"minecraft:flint":2,"minecraft:tuff":16,"minecraft:oak_log":8,"minecraft:diorite":4,"minecraft:dirt":17,"minecraft:raw_copper":10,"minecraft:diamond":8,"minecraft:cobbled_deepslate":95,"minecraft:granite":41,"minecraft:coal":24,"minecraft:cobblestone":143},"minecraft:crafted":{"minecraft:oak_planks":32,"minecraft:stone_shovel":1,"minecraft:diamond_pickaxe":1,"minecraft:shield":1,"minecraft:crafting_table":2,"minecraft:stick":20,"minecraft:wooden_pickaxe":1,"minecraft:iron_ingot":15,"minecraft:iron_pickaxe":2,"minecraft:stone_pickaxe":3,"minecraft:stone_sword":2,"minecraft:furnace":2,"minecraft:torch":8,"minecraft:air":0},"minecraft:used":{"minecraft:diorite":2,"minecraft:stone_pickaxe":68,"minecraft:stone_shovel":40,"minecraft:iron_pickaxe":283,"minecraft:wooden_pickaxe":23,"minecraft:torch":9,"minecraft:dirt":3,"minecraft:crafting_table":3,"minecraft:furnace":2},"minecraft:custom":{"minecraft:time_since_rest":51719,"minecraft:interact_with_furnace":9,"minecraft:sprint_one_cm":19148,"minecraft:damage_taken":160,"minecraft:walk_one_cm":77634,"minecraft:damage_dealt":19,"minecraft:interact_with_crafting_table":11,"minecraft:fly_one_cm":4180,"minecraft:crouch_one_cm":47,"minecraft:play_time":51719,"minecraft:sneak_time":27,"minecraft:walk_under_water_one_cm":404,"minecraft:jump":194,"minecraft:leave_game":8,"minecraft:walk_on_water_one_cm":1771,"minecraft:time_since_death":51719,"minecraft:total_world_time":51719,"minecraft:fall_one_cm":1286}},"DataVersion":3953}