{"stats":{"minecraft:mined":{"minecraft:short_grass":1,"minecraft:oak_log":4,"minecraft:oak_leaves":2},"minecraft:picked_up":{"minecraft:oak_log":3},"minecraft:custom":{"minecraft:jump":41,"minecraft:time_since_rest":12874,"minecraft:sprint_one_cm":10240,"minecraft:walk_on_water_one_cm":1169,"minecraft:damage_dealt":19,"minecraft:damage_taken":120,"minecraft:crouch_one_cm":47,"minecraft:play_time":12874,"minecraft:leave_game":3,"minecraft:time_since_death":12874,"minecraft:walk_one_cm":32476,"minecraft:sneak_time":27,"minecraft:total_world_time":12874,"minecraft:walk_under_water_one_cm":213,"minecraft:fly_one_cm":3232}},"DataVersion":3953}