{"stats":{"minecraft:mined":{"minecraft:iron_ore":4,"minecraft:crafting_table":1,"minecraft:granite":1,"minecraft:short_grass":1,"minecraft:oak_log":9,"minecraft:grass_block":3,"minecraft:coal_ore":10,"minecraft:dirt":14,"minecraft:copper_ore":4,"minecraft:stone":65,"minecraft:oak_leaves":2},"minecraft:picked_up":{"minecraft:crafting_table":1,"minecraft:raw_iron":4,"minecraft:oak_log":8,"minecraft:dirt":17,"minecraft:raw_copper":10,"minecraft:granite":1,"minecraft:coal":10,"minecraft:cobblestone":65},"minecraft:crafted":{"minecraft:oak_planks":32,"minecraft:stone_shovel":1,"minecraft:shield":1,"minecraft:crafting_table":1,"minecraft:stick":16,"minecraft:iron_pickaxe":1,"minecraft:iron_ingot":4,"minecraft:wooden_pickaxe":1,"minecraft:stone_pickaxe":3,"minecraft:stone_sword":2,"minecraft:furnace":1,"minecraft:air":0},"minecraft:used":{"minecraft:stone_pickaxe":68,"minecraft:stone_shovel":9,"minecraft:iron_pickaxe":2,"minecraft:wooden_pickaxe":23,"minecraft:crafting_table":2,"minecraft:furnace":1},"minecraft:custom":{"minecraft:time_since_rest":28788,"minecraft:interact_with_furnace":4,"minecraft:sprint_one_cm":14017,"minecraft:damage_taken":120,"minecraft:walk_one_cm":47019,"minecraft:damage_dealt":19,"minecraft:interact_with_crafting_table":8,"minecraft:fly_one_cm":3629,"minecraft:crouch_one_cm":47,"minecraft:play_time":28788,"minecraft:sneak_time":27,"minecraft:walk_under_water_one_cm":404,"minecraft:jump":72,"minecraft:leave_game":6,"minecraft:time_since_death":28788,"minecraft:walk_on_water_one_cm":1568,"minecraft:total_world_time":28788}},"DataVersion":3953}