{"stats":{"minecraft:mined":{"minecraft:short_grass":1,"minecraft:oak_log":9,"minecraft:oak_leaves":2},"minecraft:picked_up":{"minecraft:oak_log":8},"minecraft:crafted":{"minecraft:oak_planks":32,"minecraft:crafting_table":1},"minecraft:used":{"minecraft:crafting_table":1},"minecraft:custom":{"minecraft:jump":44,"minecraft:damage_taken":120,"minecraft:time_since_rest":17805,"minecraft:leave_game":5,"minecraft:sprint_one_cm":11532,"minecraft:damage_dealt":19,"minecraft:crouch_one_cm":47,"minecraft:time_since_death":17805,"minecraft:play_time":17805,"minecraft:walk_on_water_one_cm":1169,"minecraft:walk_one_cm":36508,"minecraft:sneak_time":27,"minecraft:total_world_time":17805,"minecraft:walk_under_water_one_cm":213,"minecraft:interact_with_crafting_table":2,"minecraft:fly_one_cm":3232}},"DataVersion":3953}