{"stats":{"minecraft:mined":{"minecraft:iron_ore":10,"minecraft:crafting_table":1,"minecraft:granite":41,"minecraft:short_grass":1,"minecraft:oak_log":9,"minecraft:grass_block":3,"minecraft:coal_ore":24,"minecraft:deepslate_iron_ore":7,"minecraft:gravel":19,"minecraft:dirt":14,"minecraft:copper_ore":4,"minecraft:stone":143,"minecraft:diorite":3,"minecraft:oak_leaves":2,"minecraft:deepslate":46},"minecraft:picked_up":{"minecraft:crafting_table":1,"minecraft:raw_iron":17,"minecraft:gravel":19,"minecraft:oak_log":8,"minecraft:diorite":3,"minecraft:dirt":17,"minecraft:raw_copper":10,"minecraft:cobbled_deepslate":46,"minecraft:granite":41,"minecraft:coal":24,"minecraft:cobblestone":143},"minecraft:crafted":{"minecraft:oak_planks":32,"minecraft:stone_shovel":1,"minecraft:shield":1,"minecraft:crafting_table":1,"minecraft:stick":16,"minecraft:wooden_pickaxe":1,"minecraft:iron_ingot":4,"minecraft:iron_pickaxe":1,"minecraft:stone_pickaxe":3,"minecraft:stone_sword":2,"minecraft:furnace":1,"minecraft:torch":8,"minecraft:air":0},"minecraft:used":{"minecraft:stone_pickaxe":68,"minecraft:stone_shovel":25,"minecraft:iron_pickaxe":199,"minecraft:wooden_pickaxe":23,"minecraft:torch":6,"minecraft:dirt":3,"minecraft:crafting_table":2,"minecraft:furnace":1},"minecraft:custom":{"minecraft:time_since_rest":39719,"minecraft:interact_with_furnace":4,"minecraft:sprint_one_cm":15563,"minecraft:damage_taken":160,"minecraft:walk_one_cm":58044,"minecraft:damage_dealt":19,"minecraft:interact_with_crafting_table":8,"minecraft:fly_one_cm":3901,"minecraft:crouch_one_cm":47,"minecraft:play_time":39719,"minecraft:sneak_time":27,"minecraft:walk_under_water_one_cm":404,"minecraft:jump":89,"minecraft:leave_game":8,"minecraft:walk_on_water_one_cm":1771,"minecraft:time_since_death":39719,"minecraft:total_world_time":39719,"minecraft:fall_one_cm":1286}},"DataVersion":3953}