{"stats":{"minecraft:broken":{"minecraft:iron_pickaxe":1},"minecraft:mined":{"minecraft:deepslate_redstone_ore":4,"minecraft:tuff":27,"minecraft:deepslate_diamond_ore":8,"minecraft:iron_ore":10,"minecraft:torch":1,"minecraft:crafting_table":1,"minecraft:granite":41,"minecraft:short_grass":1,"minecraft:oak_log":9,"minecraft:grass_block":3,"minecraft:coal_ore":24,"minecraft:deepslate_iron_ore":13,"minecraft:dripstone_block":1,"minecraft:gravel":40,"minecraft:dirt":14,"minecraft:copper_ore":4,"minecraft:deepslate_gold_ore":9,"minecraft:stone":143,"minecraft:wall_torch":1,"minecraft:diorite":4,"minecraft:oak_leaves":2,"minecraft:deepslate":215},"minecraft:picked_up":{"minecraft:crafting_table":1,"minecraft:raw_iron":23,"minecraft:cooked_beef":2,"minecraft:torch":2,"minecraft:dripstone_block":1,"minecraft:gravel":41,"minecraft:flint":2,"minecraft:tuff":25,"minecraft:oak_log":8,"minecraft:diorite":4,"minecraft:redstone":19,"minecraft:dirt":17,"minecraft:raw_copper":10,"minecraft:rotten_flesh":6,"minecraft:diamond":8,"minecraft:cobbled_deepslate":213,"minecraft:raw_gold":9,"minecraft:granite":41,"minecraft:coal":24,"minecraft:cobblestone":144},"minecraft:crafted":{"minecraft:oak_planks":32,"minecraft:stone_shovel":1,"minecraft:diamond_pickaxe":1,"minecraft:shield":1,"minecraft:crafting_table":2,"minecraft:stick":20,"minecraft:wooden_pickaxe":1,"minecraft:iron_ingot":17,"minecraft:iron_pickaxe":2,"minecraft:stone_pickaxe":3,"minecraft:stone_sword":2,"minecraft:furnace":2,"minecraft:torch":8,"minecraft:air":0},"minecraft:used":{"minecraft:diorite":2,"minecraft:diamond_pickaxe":146,"minecraft:stone_pickaxe":68,"minecraft:stone_shovel":42,"minecraft:iron_pickaxe":283,"minecraft:wooden_pickaxe":23,"minecraft:gravel":3,"minecraft:torch":10,"minecraft:dirt":3,"minecraft:cobblestone":15,"minecraft:crafting_table":3,"minecraft:furnace":2,"minecraft:cooked_beef":2},"minecraft:custom":{"minecraft:time_since_rest":63719,"minecraft:interact_with_furnace":10,"minecraft:sprint_one_cm":39236,"minecraft:damage_taken":170,"minecraft:walk_one_cm":106094,"minecraft:damage_dealt":25,"minecraft:interact_with_crafting_table":13,"minecraft:fly_one_cm":11201,"minecraft:crouch_one_cm":896,"minecraft:play_time":63719,"minecraft:sneak_time":523,"minecraft:walk_under_water_one_cm":404,"minecraft:jump":334,"minecraft:leave_game":8,"minecraft:walk_on_water_one_cm":2165,"minecraft:time_since_death":63719,"minecraft:total_world_time":63719,"minecraft:fall_one_cm":1915}},"DataVersion":3953}