{"stats":{"minecraft:custom":{"minecraft:interact_with_furnace":15,"minecraft:mob_kills":17,"minecraft:interact_with_crafting_table":11,"minecraft:time_since_death":53574,"minecraft:sleep_in_bed":1,"minecraft:time_since_rest":22001,"minecraft:sprint_one_cm":69520,"minecraft:damage_taken":615,"minecraft:walk_one_cm":132224,"minecraft:drop":6,"minecraft:damage_dealt":2149,"minecraft:swim_one_cm":35134,"minecraft:fly_one_cm":25338,"minecraft:crouch_one_cm":41,"minecraft:play_time":77980,"minecraft:deaths":1,"minecraft:sneak_time":169,"minecraft:walk_under_water_one_cm":24151,"minecraft:jump":597,"minecraft:walk_on_water_one_cm":27006,"minecraft:total_world_time":77980,"minecraft:fall_one_cm":7433},"minecraft:killed":{"minecraft:pig":4,"minecraft:skeleton":2,"minecraft:zombie":1,"minecraft:chicken":2,"minecraft:drowned":2,"minecraft:cow":4},"minecraft:mined":{"minecraft:granite":5,"minecraft:short_grass":1,"minecraft:tall_grass":1,"minecraft:copper_ore":17,"minecraft:diorite":1,"minecraft:iron_ore":8,"minecraft:andesite":8,"minecraft:oak_log":6,"minecraft:pointed_dripstone":1,"minecraft:coal_ore":50,"minecraft:dripstone_block":1,"minecraft:gravel":23,"minecraft:stone":132,"minecraft:oak_leaves":7},"minecraft:picked_up":{"minecraft:wooden_axe":1,"minecraft:feather":2,"minecraft:chicken":2,"minecraft:andesite":21,"minecraft:leather":3,"minecraft:wooden_pickaxe":1,"minecraft:flint":6,"minecraft:oak_log":16,"minecraft:raw_copper":84,"minecraft:wooden_sword":1,"minecraft:cooked_mutton":16,"minecraft:bone":6,"minecraft:bow":1,"minecraft:wheat_seeds":1,"minecraft:beef":7,"minecraft:stone_pickaxe":5,"minecraft:oak_planks":8,"minecraft:stick":4,"minecraft:raw_iron":8,"minecraft:copper_ingot":2,"minecraft:torch":9,"minecraft:dripstone_block":2,"minecraft:gravel":38,"minecraft:porkchop":10,"minecraft:pointed_dripstone":4,"minecraft:diorite":2,"minecraft:stone_sword":1,"minecraft:rotten_flesh":2,"minecraft:stone_axe":1,"minecraft:granite":9,"minecraft:oak_sapling":4,"minecraft:coal":146,"minecraft:cobblestone":205},"minecraft:dropped":{"minecraft:porkchop":8,"minecraft:chicken":2,"minecraft:cooked_mutton":11,"minecraft:stone_pickaxe":2},"minecraft:crafted":{"minecraft:cooked_beef":7,"minecraft:wooden_sword":1,"minecraft:oak_planks":32,"minecraft:cooked_porkchop":3,"minecraft:crafting_table":1,"minecraft:wooden_pickaxe":1,"minecraft:furnace":2,"minecraft:stone_axe":1,"minecraft:air":0,"minecraft:flint_and_steel":1,"minecraft:stick":16,"minecraft:iron_ingot":7,"minecraft:iron_pickaxe":1,"minecraft:stone_pickaxe":3,"minecraft:wooden_axe":1,"minecraft:stone_sword":1,"minecraft:torch":8},"minecraft:used":{"minecraft:cooked_mutton":2,"minecraft:stone_sword":49,"minecraft:stone_pickaxe":187,"minecraft:wooden_pickaxe":39,"minecraft:torch":11,"minecraft:crafting_table":1,"minecraft:wooden_sword":10,"minecraft:cobblestone":11,"minecraft:furnace":2,"minecraft:cooked_porkchop":3},"minecraft:killed_by":{"minecraft:skeleton":1}},"DataVersion":3953}