{"stats":{"minecraft:custom":{"minecraft:interact_with_furnace":10,"minecraft:mob_kills":16,"minecraft:interact_with_crafting_table":8,"minecraft:time_since_death":35574,"minecraft:sleep_in_bed":1,"minecraft:time_since_rest":4001,"minecraft:sprint_one_cm":59695,"minecraft:damage_taken":535,"minecraft:walk_one_cm":110005,"minecraft:drop":3,"minecraft:damage_dealt":1999,"minecraft:swim_one_cm":35134,"minecraft:fly_one_cm":19429,"minecraft:crouch_one_cm":41,"minecraft:play_time":59980,"minecraft:deaths":1,"minecraft:sneak_time":161,"minecraft:walk_under_water_one_cm":24151,"minecraft:jump":494,"minecraft:walk_on_water_one_cm":26861,"minecraft:total_world_time":59980,"minecraft:fall_one_cm":5822},"minecraft:killed":{"minecraft:pig":4,"minecraft:skeleton":2,"minecraft:zombie":1,"minecraft:chicken":2,"minecraft:drowned":2,"minecraft:cow":4},"minecraft:mined":{"minecraft:granite":4,"minecraft:short_grass":1,"minecraft:tall_grass":1,"minecraft:copper_ore":17,"minecraft:diorite":1,"minecraft:iron_ore":8,"minecraft:andesite":7,"minecraft:oak_log":6,"minecraft:pointed_dripstone":1,"minecraft:coal_ore":34,"minecraft:dripstone_block":1,"minecraft:gravel":23,"minecraft:stone":126,"minecraft:oak_leaves":7},"minecraft:picked_up":{"minecraft:wooden_axe":1,"minecraft:feather":2,"minecraft:chicken":2,"minecraft:andesite":20,"minecraft:leather":3,"minecraft:wooden_pickaxe":1,"minecraft:flint":6,"minecraft:oak_log":16,"minecraft:raw_copper":84,"minecraft:wooden_sword":1,"minecraft:bone":6,"minecraft:bow":1,"minecraft:wheat_seeds":1,"minecraft:beef":7,"minecraft:stone_pickaxe":5,"minecraft:oak_planks":8,"minecraft:stick":4,"minecraft:raw_iron":8,"minecraft:copper_ingot":2,"minecraft:torch":8,"minecraft:dripstone_block":2,"minecraft:gravel":38,"minecraft:porkchop":8,"minecraft:pointed_dripstone":4,"minecraft:diorite":2,"minecraft:stone_sword":1,"minecraft:rotten_flesh":2,"minecraft:stone_axe":1,"minecraft:granite":8,"minecraft:oak_sapling":4,"minecraft:coal":130,"minecraft:cobblestone":200},"minecraft:dropped":{"minecraft:porkchop":6,"minecraft:stone_pickaxe":2},"minecraft:crafted":{"minecraft:cooked_beef":7,"minecraft:wooden_sword":1,"minecraft:oak_planks":24,"minecraft:cooked_porkchop":3,"minecraft:wooden_pickaxe":1,"minecraft:furnace":1,"minecraft:stone_axe":1,"minecraft:air":0,"minecraft:stick":16,"minecraft:stone_pickaxe":3,"minecraft:wooden_axe":1,"minecraft:stone_sword":1,"minecraft:torch":8},"minecraft:used":{"minecraft:stone_sword":46,"minecraft:stone_pickaxe":163,"minecraft:wooden_pickaxe":39,"minecraft:torch":8,"minecraft:wooden_sword":10,"minecraft:cobblestone":9,"minecraft:furnace":1,"minecraft:cooked_porkchop":3},"minecraft:killed_by":{"minecraft:skeleton":1}},"DataVersion":3953}