{"stats":{"minecraft:mined":{"minecraft:spruce_planks":6},"minecraft:used":{"minecraft:crafting_table":1},"minecraft:custom":{"minecraft:time_since_rest":1,"minecraft:open_chest":10,"minecraft:interact_with_smithing_table":1,"minecraft:crouch_one_cm":263,"minecraft:play_time":16661,"minecraft:sprint_one_cm":48204,"minecraft:deaths":2,"minecraft:damage_taken":2090,"minecraft:walk_one_cm":26660,"minecraft:sneak_time":393,"minecraft:walk_under_water_one_cm":619,"minecraft:jump":149,"minecraft:leave_game":1,"minecraft:time_since_death":0,"minecraft:walk_on_water_one_cm":1045,"minecraft:total_world_time":16661,"minecraft:talked_to_villager":1,"minecraft:swim_one_cm":348,"minecraft:interact_with_crafting_table":1,"minecraft:fall_one_cm":22726,"minecraft:fly_one_cm":27034},"minecraft:crafted":{"minecraft:bucket":1,"minecraft:crafting_table":1},"minecraft:picked_up":{"minecraft:wheat":1,"minecraft:spruce_planks":5}},"DataVersion":3465}