{"stats":{"minecraft:custom":{"minecraft:time_since_rest":23606,"minecraft:interact_with_furnace":10,"minecraft:sprint_one_cm":49907,"minecraft:damage_taken":535,"minecraft:walk_one_cm":99215,"minecraft:mob_kills":15,"minecraft:drop":3,"minecraft:damage_dealt":1961,"minecraft:swim_one_cm":32516,"minecraft:interact_with_crafting_table":8,"minecraft:fly_one_cm":14716,"minecraft:crouch_one_cm":41,"minecraft:deaths":1,"minecraft:play_time":47980,"minecraft:sneak_time":157,"minecraft:walk_under_water_one_cm":24026,"minecraft:jump":409,"minecraft:time_since_death":23574,"minecraft:walk_on_water_one_cm":25876,"minecraft:total_world_time":47980,"minecraft:fall_one_cm":4508},"minecraft:killed":{"minecraft:skeleton":2,"minecraft:zombie":1,"minecraft:pig":4,"minecraft:chicken":2,"minecraft:drowned":2,"minecraft:cow":4},"minecraft:mined":{"minecraft:iron_ore":8,"minecraft:andesite":7,"minecraft:pointed_dripstone":1,"minecraft:granite":4,"minecraft:short_grass":1,"minecraft:coal_ore":34,"minecraft:oak_log":6,"minecraft:gravel":23,"minecraft:dripstone_block":1,"minecraft:copper_ore":17,"minecraft:stone":126,"minecraft:diorite":1,"minecraft:oak_leaves":7},"minecraft:picked_up":{"minecraft:wooden_axe":1,"minecraft:raw_iron":8,"minecraft:stick":4,"minecraft:feather":2,"minecraft:chicken":2,"minecraft:andesite":20,"minecraft:copper_ingot":2,"minecraft:leather":3,"minecraft:torch":8,"minecraft:wooden_pickaxe":1,"minecraft:dripstone_block":2,"minecraft:gravel":38,"minecraft:porkchop":8,"minecraft:flint":6,"minecraft:oak_log":16,"minecraft:pointed_dripstone":4,"minecraft:diorite":2,"minecraft:raw_copper":84,"minecraft:wooden_sword":1,"minecraft:rotten_flesh":2,"minecraft:stone_sword":1,"minecraft:bone":6,"minecraft:wheat_seeds":1,"minecraft:bow":1,"minecraft:stone_axe":1,"minecraft:beef":7,"minecraft:granite":8,"minecraft:stone_pickaxe":5,"minecraft:oak_sapling":4,"minecraft:oak_planks":8,"minecraft:coal":130,"minecraft:cobblestone":197},"minecraft:dropped":{"minecraft:porkchop":6,"minecraft:stone_pickaxe":2},"minecraft:crafted":{"minecraft:cooked_beef":7,"minecraft:wooden_sword":1,"minecraft:oak_planks":24,"minecraft:cooked_porkchop":3,"minecraft:stick":16,"minecraft:wooden_pickaxe":1,"minecraft:stone_pickaxe":3,"minecraft:wooden_axe":1,"minecraft:stone_sword":1,"minecraft:furnace":1,"minecraft:torch":8,"minecraft:stone_axe":1,"minecraft:air":0},"minecraft:used":{"minecraft:stone_sword":44,"minecraft:stone_pickaxe":163,"minecraft:wooden_pickaxe":39,"minecraft:torch":8,"minecraft:wooden_sword":10,"minecraft:cobblestone":9,"minecraft:furnace":1,"minecraft:cooked_porkchop":3},"minecraft:killed_by":{"minecraft:skeleton":1}},"DataVersion":3953}