{"stats":{"minecraft:killed":{"minecraft:pig":4,"minecraft:creeper":2,"minecraft:skeleton":4,"minecraft:zombie":6,"minecraft:chicken":2,"minecraft:drowned":2,"minecraft:cow":4},"minecraft:mined":{"minecraft:torch":2,"minecraft:granite":5,"minecraft:short_grass":1,"minecraft:copper_ore":18,"minecraft:tall_grass":1,"minecraft:diorite":6,"minecraft:wall_torch":1,"minecraft:redstone_ore":1,"minecraft:iron_ore":53,"minecraft:andesite":26,"minecraft:coal_ore":51,"minecraft:pointed_dripstone":1,"minecraft:oak_log":6,"minecraft:gravel":23,"minecraft:dripstone_block":9,"minecraft:dirt":1,"minecraft:stone":181,"minecraft:gold_ore":14,"minecraft:oak_leaves":7},"minecraft:broken":{"minecraft:stone_pickaxe":1},"minecraft:killed_by":{"minecraft:skeleton":1,"minecraft:zombie":1},"minecraft:picked_up":{"minecraft:wooden_axe":2,"minecraft:feather":6,"minecraft:cooked_beef":7,"minecraft:chicken":2,"minecraft:andesite":51,"minecraft:leather":6,"minecraft:wooden_pickaxe":2,"minecraft:flint":8,"minecraft:oak_log":19,"minecraft:shield":1,"minecraft:gunpowder":1,"minecraft:dirt":2,"minecraft:raw_copper":128,"minecraft:wooden_sword":2,"minecraft:flint_and_steel":1,"minecraft:cooked_mutton":16,"minecraft:bone":10,"minecraft:bow":2,"minecraft:wheat_seeds":1,"minecraft:raw_gold":28,"minecraft:iron_ingot":1,"minecraft:beef":7,"minecraft:stone_pickaxe":7,"minecraft:iron_pickaxe":1,"minecraft:oak_planks":14,"minecraft:stick":4,"minecraft:raw_iron":81,"minecraft:copper_ingot":4,"minecraft:torch":13,"minecraft:dripstone_block":26,"minecraft:gravel":58,"minecraft:porkchop":12,"minecraft:pointed_dripstone":9,"minecraft:diorite":8,"minecraft:redstone":10,"minecraft:stone_sword":2,"minecraft:rotten_flesh":18,"minecraft:stone_axe":2,"minecraft:granite":14,"minecraft:oak_sapling":4,"minecraft:coal":178,"minecraft:cobblestone":388},"minecraft:dropped":{"minecraft:iron_ingot":1,"minecraft:porkchop":8,"minecraft:wheat_seeds":1,"minecraft:dripstone_block":13,"minecraft:pointed_dripstone":8,"minecraft:feather":2,"minecraft:cobblestone":17,"minecraft:chicken":2,"minecraft:cooked_mutton":11,"minecraft:copper_ingot":1,"minecraft:dirt":1,"minecraft:diorite":7,"minecraft:stone_pickaxe":2},"minecraft:crafted":{"minecraft:cooked_beef":7,"minecraft:wooden_sword":1,"minecraft:oak_planks":32,"minecraft:cooked_porkchop":3,"minecraft:crafting_table":2,"minecraft:iron_helmet":1,"minecraft:wooden_pickaxe":1,"minecraft:iron_sword":2,"minecraft:furnace":3,"minecraft:bucket":1,"minecraft:stone_axe":1,"minecraft:air":0,"minecraft:flint_and_steel":1,"minecraft:iron_chestplate":1,"minecraft:iron_boots":1,"minecraft:shield":1,"minecraft:stick":20,"minecraft:iron_ingot":52,"minecraft:iron_pickaxe":1,"minecraft:stone_pickaxe":3,"minecraft:wooden_axe":1,"minecraft:stone_sword":1,"minecraft:iron_leggings":1,"minecraft:torch":12},"minecraft:used":{"minecraft:cooked_mutton":4,"minecraft:water_bucket":2,"minecraft:stone_sword":80,"minecraft:stone_pickaxe":261,"minecraft:shield":5,"minecraft:wooden_pickaxe":39,"minecraft:iron_sword":13,"minecraft:torch":17,"minecraft:crafting_table":2,"minecraft:iron_pickaxe":75,"minecraft:stone_axe":1,"minecraft:wooden_sword":10,"minecraft:cobblestone":13,"minecraft:furnace":3,"minecraft:cooked_porkchop":3,"minecraft:bucket":3,"minecraft:andesite":17,"minecraft:cooked_beef":2},"minecraft:custom":{"minecraft:interact_with_furnace":43,"minecraft:mob_kills":26,"minecraft:interact_with_crafting_table":28,"minecraft:leave_game":1,"minecraft:time_since_death":16831,"minecraft:sleep_in_bed":1,"minecraft:time_since_rest":16899,"minecraft:sprint_one_cm":99259,"minecraft:damage_taken":1237,"minecraft:walk_one_cm":254228,"minecraft:damage_blocked_by_shield":177,"minecraft:drop":19,"minecraft:damage_dealt":4142,"minecraft:swim_one_cm":36555,"minecraft:fly_one_cm":41099,"minecraft:crouch_one_cm":144,"minecraft:play_time":115434,"minecraft:deaths":2,"minecraft:sneak_time":289,"minecraft:walk_under_water_one_cm":26355,"minecraft:jump":1039,"minecraft:walk_on_water_one_cm":36235,"minecraft:total_world_time":115434,"minecraft:fall_one_cm":18897}},"DataVersion":3953}