{"stats":{"minecraft:used":{"minecraft:leather_leggings":1,"minecraft:bread":1,"minecraft:iron_pickaxe":9,"minecraft:torch":1,"minecraft:diamond_sword":14,"minecraft:crafting_table":1,"minecraft:potato":8},"minecraft:mined":{"minecraft:powder_snow":2,"minecraft:torch":1,"minecraft:grass":2,"minecraft:oak_log":1,"minecraft:iron_bars":4,"minecraft:tall_grass":1,"minecraft:spruce_fence_gate":2,"minecraft:oak_planks":2,"minecraft:oak_leaves":18,"minecraft:spawner":4},"minecraft:crafted":{"minecraft:oak_planks":4,"minecraft:diamond_sword":1,"minecraft:crafting_table":1,"minecraft:iron_pickaxe":1},"minecraft:picked_up":{"minecraft:wheat":1,"minecraft:orange_carpet":4,"minecraft:torch":1,"minecraft:oak_log":1,"minecraft:spruce_log":2,"minecraft:gunpowder":2,"minecraft:string":1,"minecraft:spruce_fence_gate":2,"minecraft:apple":2,"minecraft:wheat_seeds":3,"minecraft:oak_planks":2,"minecraft:iron_bars":4},"minecraft:killed":{"minecraft:spider":1,"minecraft:creeper":2},"minecraft:dropped":{"minecraft:iron_ingot":2,"minecraft:torch":1,"minecraft:stick":7},"minecraft:custom":{"minecraft:time_since_rest":40367,"minecraft:sprint_one_cm":53323,"minecraft:damage_taken":171,"minecraft:walk_one_cm":115368,"minecraft:mob_kills":4,"minecraft:drop":3,"minecraft:damage_dealt":890,"minecraft:talked_to_villager":2,"minecraft:interact_with_crafting_table":4,"minecraft:fly_one_cm":26550,"minecraft:open_chest":24,"minecraft:crouch_one_cm":692,"minecraft:play_time":40367,"minecraft:sneak_time":173,"minecraft:interact_with_lectern":1,"minecraft:jump":251,"minecraft:time_since_death":40367,"minecraft:total_world_time":40367,"minecraft:fall_one_cm":5198,"minecraft:horse_one_cm":475448}},"DataVersion":3465}