{"stats":{"minecraft:broken":{"minecraft:leather_helmet":1},"minecraft:used":{"minecraft:leather_leggings":1,"minecraft:bread":17,"minecraft:baked_potato":2,"minecraft:iron_pickaxe":22,"minecraft:shield":57,"minecraft:spruce_fence_gate":2,"minecraft:torch":6,"minecraft:diamond_sword":76,"minecraft:potion":2,"minecraft:crafting_table":1,"tombstone:gift":4,"minecraft:potato":8},"minecraft:mined":{"minecraft:powder_snow":2,"minecraft:torch":1,"minecraft:grass":2,"minecraft:oak_log":1,"minecraft:iron_bars":8,"minecraft:tall_grass":1,"minecraft:cracked_stone_bricks":1,"minecraft:spruce_fence_gate":2,"minecraft:stone_bricks":1,"minecraft:oak_planks":2,"minecraft:oak_leaves":18,"minecraft:spawner":9},"minecraft:crafted":{"minecraft:oak_planks":4,"minecraft:diamond_sword":1,"minecraft:crafting_table":1,"minecraft:iron_pickaxe":1},"minecraft:picked_up":{"minecraft:wheat":1,"minecraft:orange_carpet":4,"minecraft:torch":3,"minecraft:potion":2,"minecraft:oak_log":1,"tombstone:grave_dust":2,"minecraft:spruce_log":2,"minecraft:gunpowder":2,"minecraft:stone_pressure_plate":3,"minecraft:leather_helmet":1,"minecraft:string":1,"tombstone:gift":2,"minecraft:bundle":1,"minecraft:spruce_fence_gate":2,"minecraft:arrow":7,"minecraft:bone":6,"minecraft:rotten_flesh":10,"minecraft:apple":2,"minecraft:wheat_seeds":3,"minecraft:iron_helmet":1,"tombstone:magic_scroll":1,"minecraft:oak_planks":2,"minecraft:iron_bars":16},"minecraft:killed":{"minecraft:skeleton":5,"minecraft:zombie":7,"minecraft:spider":1,"minecraft:creeper":2},"minecraft:dropped":{"minecraft:iron_ingot":2,"minecraft:potato":1,"minecraft:wheat_seeds":3,"minecraft:torch":1,"minecraft:glass_bottle":2,"minecraft:stone_pressure_plate":3,"minecraft:potion":1,"minecraft:iron_bars":8,"minecraft:stick":7},"minecraft:custom":{"minecraft:time_since_rest":1,"minecraft:sprint_one_cm":131778,"minecraft:damage_taken":1755,"minecraft:walk_one_cm":243643,"minecraft:damage_blocked_by_shield":2895,"minecraft:mob_kills":16,"minecraft:drop":12,"minecraft:damage_dealt":2692,"minecraft:talked_to_villager":2,"minecraft:interact_with_crafting_table":5,"minecraft:fly_one_cm":34955,"minecraft:open_chest":44,"minecraft:deaths":2,"tombstone:undead_killed":12,"minecraft:crouch_one_cm":692,"minecraft:play_time":64367,"minecraft:sneak_time":176,"minecraft:interact_with_lectern":1,"minecraft:jump":308,"minecraft:time_since_death":305,"minecraft:total_world_time":64367,"minecraft:fall_one_cm":6426,"minecraft:horse_one_cm":475448}},"DataVersion":3465}