{"stats":{"minecraft:custom":{"minecraft:jump":48,"minecraft:time_since_rest":2226,"minecraft:leave_game":3,"minecraft:play_time":2226,"minecraft:sprint_one_cm":3326,"minecraft:damage_taken":20,"minecraft:time_since_death":2226,"minecraft:walk_one_cm":5568,"minecraft:total_world_time":2226,"minecraft:fly_one_cm":3878,"minecraft:fall_one_cm":2136},"minecraft:mined":{"minecraft:podzol":1,"minecraft:grass_block":1,"minecraft:bamboo":1,"minecraft:fern":1},"minecraft:picked_up":{"minecraft:bamboo":8,"minecraft:dirt":2}},"DataVersion":3465}