{"stats":{"minecraft:custom":{"minecraft:interact_with_furnace":16,"minecraft:mob_kills":22,"minecraft:interact_with_crafting_table":11,"minecraft:time_since_death":65574,"minecraft:sleep_in_bed":1,"minecraft:time_since_rest":34001,"minecraft:sprint_one_cm":79769,"minecraft:damage_taken":845,"minecraft:walk_one_cm":170073,"minecraft:damage_blocked_by_shield":107,"minecraft:drop":9,"minecraft:damage_dealt":3278,"minecraft:swim_one_cm":36555,"minecraft:fly_one_cm":29205,"minecraft:crouch_one_cm":86,"minecraft:play_time":89980,"minecraft:deaths":1,"minecraft:sneak_time":210,"minecraft:walk_under_water_one_cm":26257,"minecraft:jump":727,"minecraft:walk_on_water_one_cm":32551,"minecraft:total_world_time":89980,"minecraft:fall_one_cm":9714},"minecraft:killed":{"minecraft:pig":4,"minecraft:creeper":1,"minecraft:skeleton":3,"minecraft:zombie":4,"minecraft:chicken":2,"minecraft:drowned":2,"minecraft:cow":4},"minecraft:mined":{"minecraft:granite":5,"minecraft:short_grass":1,"minecraft:tall_grass":1,"minecraft:copper_ore":17,"minecraft:diorite":6,"minecraft:redstone_ore":1,"minecraft:iron_ore":10,"minecraft:andesite":24,"minecraft:oak_log":6,"minecraft:pointed_dripstone":1,"minecraft:coal_ore":50,"minecraft:dripstone_block":8,"minecraft:gravel":23,"minecraft:dirt":1,"minecraft:stone":175,"minecraft:gold_ore":6,"minecraft:oak_leaves":7},"minecraft:picked_up":{"minecraft:wooden_axe":1,"minecraft:feather":2,"minecraft:chicken":2,"minecraft:andesite":37,"minecraft:leather":3,"minecraft:wooden_pickaxe":1,"minecraft:flint":6,"minecraft:oak_log":16,"minecraft:dirt":1,"minecraft:raw_copper":84,"minecraft:wooden_sword":1,"minecraft:cooked_mutton":16,"minecraft:bone":7,"minecraft:bow":1,"minecraft:wheat_seeds":1,"minecraft:raw_gold":6,"minecraft:beef":7,"minecraft:stone_pickaxe":5,"minecraft:oak_planks":8,"minecraft:stick":4,"minecraft:raw_iron":8,"minecraft:copper_ingot":2,"minecraft:torch":9,"minecraft:dripstone_block":13,"minecraft:gravel":38,"minecraft:porkchop":10,"minecraft:pointed_dripstone":4,"minecraft:diorite":8,"minecraft:redstone":5,"minecraft:stone_sword":1,"minecraft:rotten_flesh":7,"minecraft:stone_axe":1,"minecraft:granite":9,"minecraft:oak_sapling":4,"minecraft:coal":148,"minecraft:cobblestone":258},"minecraft:dropped":{"minecraft:porkchop":8,"minecraft:wheat_seeds":1,"minecraft:pointed_dripstone":4,"minecraft:chicken":2,"minecraft:cooked_mutton":11,"minecraft:diorite":7,"minecraft:stone_pickaxe":2},"minecraft:crafted":{"minecraft:cooked_beef":7,"minecraft:wooden_sword":1,"minecraft:oak_planks":32,"minecraft:cooked_porkchop":3,"minecraft:crafting_table":1,"minecraft:wooden_pickaxe":1,"minecraft:iron_sword":1,"minecraft:furnace":2,"minecraft:stone_axe":1,"minecraft:air":0,"minecraft:flint_and_steel":1,"minecraft:shield":1,"minecraft:stick":16,"minecraft:iron_ingot":8,"minecraft:iron_pickaxe":1,"minecraft:stone_pickaxe":3,"minecraft:wooden_axe":1,"minecraft:stone_sword":1,"minecraft:torch":12},"minecraft:broken":{"minecraft:stone_pickaxe":1},"minecraft:used":{"minecraft:cooked_mutton":4,"minecraft:stone_sword":74,"minecraft:stone_pickaxe":260,"minecraft:shield":3,"minecraft:wooden_pickaxe":39,"minecraft:torch":13,"minecraft:crafting_table":1,"minecraft:iron_pickaxe":14,"minecraft:stone_axe":1,"minecraft:wooden_sword":10,"minecraft:cobblestone":13,"minecraft:furnace":2,"minecraft:cooked_porkchop":3,"minecraft:andesite":4},"minecraft:killed_by":{"minecraft:skeleton":1}},"DataVersion":3953}