{"stats":{"minecraft:custom":{"minecraft:time_since_rest":11606,"minecraft:interact_with_furnace":5,"minecraft:sprint_one_cm":46330,"minecraft:damage_taken":355,"minecraft:walk_one_cm":85438,"minecraft:mob_kills":14,"minecraft:drop":3,"minecraft:damage_dealt":1761,"minecraft:swim_one_cm":22085,"minecraft:interact_with_crafting_table":6,"minecraft:fly_one_cm":12997,"minecraft:deaths":1,"minecraft:play_time":35980,"minecraft:sneak_time":101,"minecraft:walk_under_water_one_cm":17356,"minecraft:jump":376,"minecraft:time_since_death":11574,"minecraft:walk_on_water_one_cm":15712,"minecraft:total_world_time":35980,"minecraft:fall_one_cm":3770},"minecraft:killed":{"minecraft:skeleton":2,"minecraft:pig":4,"minecraft:chicken":2,"minecraft:drowned":2,"minecraft:cow":4},"minecraft:mined":{"minecraft:andesite":7,"minecraft:granite":4,"minecraft:short_grass":1,"minecraft:coal_ore":34,"minecraft:oak_log":6,"minecraft:gravel":21,"minecraft:dripstone_block":1,"minecraft:copper_ore":7,"minecraft:stone":98,"minecraft:diorite":1,"minecraft:oak_leaves":7},"minecraft:picked_up":{"minecraft:wooden_axe":1,"minecraft:stick":1,"minecraft:feather":2,"minecraft:chicken":2,"minecraft:andesite":20,"minecraft:copper_ingot":2,"minecraft:leather":3,"minecraft:torch":7,"minecraft:wooden_pickaxe":1,"minecraft:dripstone_block":2,"minecraft:gravel":36,"minecraft:porkchop":8,"minecraft:flint":6,"minecraft:oak_log":16,"minecraft:diorite":2,"minecraft:raw_copper":46,"minecraft:wooden_sword":1,"minecraft:rotten_flesh":2,"minecraft:stone_sword":1,"minecraft:bone":6,"minecraft:wheat_seeds":1,"minecraft:bow":1,"minecraft:stone_axe":1,"minecraft:beef":7,"minecraft:granite":8,"minecraft:stone_pickaxe":5,"minecraft:oak_sapling":2,"minecraft:oak_planks":8,"minecraft:coal":130,"minecraft:cobblestone":170},"minecraft:dropped":{"minecraft:porkchop":6,"minecraft:stone_pickaxe":2},"minecraft:crafted":{"minecraft:wooden_sword":1,"minecraft:oak_planks":24,"minecraft:cooked_porkchop":3,"minecraft:stick":16,"minecraft:wooden_pickaxe":1,"minecraft:stone_pickaxe":3,"minecraft:wooden_axe":1,"minecraft:stone_sword":1,"minecraft:furnace":1,"minecraft:torch":8,"minecraft:stone_axe":1,"minecraft:air":0},"minecraft:used":{"minecraft:stone_sword":41,"minecraft:stone_pickaxe":114,"minecraft:wooden_pickaxe":39,"minecraft:torch":3,"minecraft:wooden_sword":10,"minecraft:cobblestone":7,"minecraft:furnace":1,"minecraft:cooked_porkchop":2},"minecraft:killed_by":{"minecraft:skeleton":1}},"DataVersion":3953}