{"stats":{"minecraft:picked_up":{"minecraft:bone":2,"minecraft:arrow":1,"minecraft:rotten_flesh":1,"minecraft:wheat_seeds":1,"minecraft:diamond_sword":1,"minecraft:bamboo":8,"minecraft:dirt":2},"minecraft:used":{"securitycraft:mine":2,"minecraft:diamond_sword":6,"securitycraft:keypad_chest":2},"minecraft:custom":{"minecraft:open_chest":2,"minecraft:time_since_rest":13319,"minecraft:crouch_one_cm":178,"minecraft:sprint_one_cm":8401,"minecraft:play_time":13319,"minecraft:damage_taken":70,"minecraft:walk_one_cm":38398,"minecraft:sneak_time":186,"minecraft:mob_kills":3,"minecraft:drop":1,"minecraft:jump":108,"minecraft:damage_dealt":485,"minecraft:leave_game":3,"minecraft:time_since_death":13319,"minecraft:climb_one_cm":117,"minecraft:total_world_time":13319,"minecraft:fall_one_cm":2554,"minecraft:fly_one_cm":29471},"minecraft:dropped":{"minecraft:diamond_sword":1},"minecraft:killed":{"minecraft:skeleton":2,"minecraft:zombie":1},"minecraft:mined":{"minecraft:podzol":1,"minecraft:grass_block":1,"minecraft:bamboo":1,"minecraft:fern":1}},"DataVersion":3465}