{"stats":{"minecraft:custom":{"minecraft:time_since_rest":11980,"minecraft:interact_with_furnace":1,"minecraft:sprint_one_cm":4583,"minecraft:damage_taken":95,"minecraft:walk_one_cm":26786,"minecraft:mob_kills":1,"minecraft:damage_dealt":200,"minecraft:swim_one_cm":1582,"minecraft:interact_with_crafting_table":4,"minecraft:fly_one_cm":1416,"minecraft:play_time":11980,"minecraft:sneak_time":14,"minecraft:walk_under_water_one_cm":389,"minecraft:jump":66,"minecraft:time_since_death":11980,"minecraft:walk_on_water_one_cm":560,"minecraft:total_world_time":11980,"minecraft:fall_one_cm":956},"minecraft:killed":{"minecraft:skeleton":1},"minecraft:mined":{"minecraft:andesite":7,"minecraft:granite":2,"minecraft:coal_ore":34,"minecraft:oak_log":6,"minecraft:gravel":21,"minecraft:copper_ore":7,"minecraft:stone":65,"minecraft:oak_leaves":4},"minecraft:picked_up":{"minecraft:andesite":7,"minecraft:gravel":17,"minecraft:flint":3,"minecraft:oak_log":6,"minecraft:raw_copper":23,"minecraft:bone":2,"minecraft:coal":34,"minecraft:cobblestone":65},"minecraft:crafted":{"minecraft:wooden_sword":1,"minecraft:oak_planks":24,"minecraft:stick":16,"minecraft:wooden_pickaxe":1,"minecraft:stone_pickaxe":1,"minecraft:wooden_axe":1,"minecraft:stone_sword":1,"minecraft:furnace":1,"minecraft:torch":8,"minecraft:stone_axe":1},"minecraft:used":{"minecraft:stone_sword":5,"minecraft:stone_pickaxe":77,"minecraft:wooden_pickaxe":39,"minecraft:torch":2,"minecraft:cobblestone":6,"minecraft:furnace":1}},"DataVersion":3953}