{"stats":{"minecraft:broken":{"minecraft:leather_helmet":1},"minecraft:used":{"minecraft:leather_leggings":1,"minecraft:bread":3,"minecraft:baked_potato":2,"minecraft:iron_pickaxe":17,"minecraft:shield":12,"minecraft:spruce_fence_gate":2,"minecraft:torch":4,"minecraft:diamond_sword":45,"minecraft:potion":2,"minecraft:crafting_table":1,"minecraft:potato":8},"minecraft:mined":{"minecraft:powder_snow":2,"minecraft:torch":1,"minecraft:grass":2,"minecraft:oak_log":1,"minecraft:iron_bars":8,"minecraft:tall_grass":1,"minecraft:spruce_fence_gate":2,"minecraft:oak_planks":2,"minecraft:oak_leaves":18,"minecraft:spawner":8},"minecraft:crafted":{"minecraft:oak_planks":4,"minecraft:diamond_sword":1,"minecraft:crafting_table":1,"minecraft:iron_pickaxe":1},"minecraft:picked_up":{"minecraft:wheat":1,"minecraft:orange_carpet":4,"minecraft:torch":3,"minecraft:potion":2,"minecraft:oak_log":1,"minecraft:spruce_log":2,"minecraft:gunpowder":2,"minecraft:leather_helmet":1,"minecraft:string":1,"minecraft:spruce_fence_gate":2,"minecraft:arrow":2,"minecraft:bone":2,"minecraft:rotten_flesh":3,"minecraft:apple":2,"minecraft:wheat_seeds":3,"minecraft:oak_planks":2,"minecraft:iron_bars":8},"minecraft:killed":{"minecraft:skeleton":1,"minecraft:zombie":3,"minecraft:spider":1,"minecraft:creeper":2},"minecraft:dropped":{"minecraft:iron_ingot":2,"minecraft:potato":1,"minecraft:torch":1,"minecraft:glass_bottle":2,"minecraft:potion":1,"minecraft:stick":7},"minecraft:custom":{"minecraft:time_since_rest":1,"minecraft:sprint_one_cm":99856,"minecraft:damage_taken":712,"minecraft:walk_one_cm":181877,"minecraft:damage_blocked_by_shield":570,"minecraft:mob_kills":8,"minecraft:drop":7,"minecraft:damage_dealt":1636,"minecraft:talked_to_villager":2,"minecraft:interact_with_crafting_table":5,"minecraft:fly_one_cm":30829,"minecraft:open_chest":41,"minecraft:deaths":1,"tombstone:undead_killed":4,"minecraft:crouch_one_cm":692,"minecraft:play_time":52367,"minecraft:sneak_time":176,"minecraft:interact_with_lectern":1,"minecraft:jump":276,"minecraft:time_since_death":19,"minecraft:total_world_time":52367,"minecraft:fall_one_cm":5731,"minecraft:horse_one_cm":475448}},"DataVersion":3465}