{"stats":{"minecraft:mined":{"minecraft:spruce_planks":6},"minecraft:used":{"minecraft:crafting_table":2},"minecraft:custom":{"minecraft:time_since_rest":13765,"minecraft:open_chest":10,"minecraft:interact_with_smithing_table":1,"minecraft:crouch_one_cm":263,"minecraft:sprint_one_cm":48798,"minecraft:play_time":30425,"minecraft:damage_taken":2090,"minecraft:deaths":2,"minecraft:walk_one_cm":30715,"minecraft:sneak_time":393,"minecraft:walk_under_water_one_cm":619,"minecraft:jump":162,"minecraft:leave_game":3,"minecraft:walk_on_water_one_cm":1045,"minecraft:time_since_death":13668,"minecraft:total_world_time":30425,"minecraft:talked_to_villager":1,"minecraft:swim_one_cm":348,"minecraft:interact_with_crafting_table":2,"minecraft:fall_one_cm":22726,"minecraft:fly_one_cm":28840},"minecraft:crafted":{"minecraft:bucket":1,"minecraft:crafting_table":1},"minecraft:picked_up":{"minecraft:wheat":1,"minecraft:spruce_planks":5}},"DataVersion":3465}