{"stats":{"minecraft:killed":{"minecraft:pig":4,"minecraft:bat":1,"minecraft:creeper":2,"minecraft:skeleton":4,"minecraft:zombie":8,"minecraft:chicken":2,"minecraft:drowned":3,"minecraft:cow":4},"minecraft:mined":{"minecraft:deepslate_redstone_ore":2,"minecraft:tuff":44,"minecraft:torch":2,"minecraft:granite":5,"minecraft:short_grass":1,"minecraft:copper_ore":18,"minecraft:tall_grass":1,"minecraft:cobblestone":12,"minecraft:deepslate_gold_ore":13,"minecraft:diorite":6,"minecraft:wall_torch":1,"minecraft:redstone_ore":1,"minecraft:iron_ore":59,"minecraft:andesite":26,"minecraft:deepslate_iron_ore":4,"minecraft:oak_log":8,"minecraft:pointed_dripstone":2,"minecraft:coal_ore":51,"minecraft:gravel":25,"minecraft:dripstone_block":11,"minecraft:dirt":1,"minecraft:stone":181,"minecraft:gold_ore":14,"minecraft:oak_leaves":16,"minecraft:deepslate":356},"minecraft:broken":{"minecraft:stone_pickaxe":3,"minecraft:iron_pickaxe":1},"minecraft:killed_by":{"minecraft:skeleton":1,"minecraft:zombie":1},"minecraft:picked_up":{"minecraft:wooden_axe":2,"minecraft:feather":6,"minecraft:cooked_beef":7,"minecraft:chicken":2,"minecraft:andesite":51,"minecraft:leather":6,"minecraft:wooden_pickaxe":2,"minecraft:flint":8,"minecraft:tuff":44,"minecraft:oak_log":22,"minecraft:shield":1,"minecraft:gunpowder":1,"minecraft:dirt":2,"minecraft:raw_copper":128,"minecraft:wooden_sword":2,"minecraft:flint_and_steel":1,"minecraft:cooked_mutton":16,"minecraft:bone":10,"minecraft:bow":2,"minecraft:wheat_seeds":1,"minecraft:cobbled_deepslate":232,"minecraft:raw_gold":41,"minecraft:stone_pickaxe":7,"minecraft:iron_ingot":1,"minecraft:beef":7,"minecraft:iron_pickaxe":1,"minecraft:iron_sword":1,"minecraft:oak_planks":14,"minecraft:stick":4,"minecraft:raw_iron":91,"minecraft:copper_ingot":4,"minecraft:torch":13,"minecraft:gravel":60,"minecraft:dripstone_block":26,"minecraft:porkchop":12,"minecraft:pointed_dripstone":10,"minecraft:diorite":8,"minecraft:redstone":10,"minecraft:stone_sword":2,"minecraft:rotten_flesh":24,"minecraft:stone_axe":2,"minecraft:granite":14,"minecraft:oak_sapling":4,"minecraft:coal":178,"minecraft:cobblestone":408},"minecraft:dropped":{"minecraft:iron_ingot":1,"minecraft:iron_sword":1,"minecraft:porkchop":8,"minecraft:wheat_seeds":1,"minecraft:cooked_beef":2,"minecraft:dripstone_block":13,"minecraft:rotten_flesh":6,"minecraft:cobblestone":26,"minecraft:pointed_dripstone":10,"minecraft:feather":2,"minecraft:chicken":2,"minecraft:copper_ingot":2,"minecraft:cooked_mutton":11,"minecraft:dirt":1,"minecraft:diorite":7,"minecraft:stone_pickaxe":2},"minecraft:crafted":{"minecraft:cooked_beef":7,"minecraft:wooden_sword":1,"minecraft:oak_planks":40,"minecraft:cooked_porkchop":3,"minecraft:crafting_table":3,"minecraft:wooden_pickaxe":1,"minecraft:iron_helmet":1,"minecraft:iron_sword":2,"minecraft:furnace":3,"minecraft:bucket":1,"minecraft:stone_axe":1,"minecraft:air":0,"minecraft:flint_and_steel":1,"minecraft:iron_boots":1,"minecraft:iron_chestplate":1,"minecraft:shield":1,"minecraft:stick":28,"minecraft:iron_ingot":54,"minecraft:iron_pickaxe":3,"minecraft:stone_pickaxe":3,"minecraft:wooden_axe":1,"minecraft:stone_sword":1,"minecraft:iron_leggings":1,"minecraft:torch":40},"minecraft:used":{"minecraft:cooked_mutton":4,"minecraft:water_bucket":3,"minecraft:stone_sword":80,"minecraft:stone_pickaxe":387,"minecraft:shield":5,"minecraft:wooden_pickaxe":39,"minecraft:iron_sword":29,"minecraft:rotten_flesh":3,"minecraft:torch":38,"minecraft:crafting_table":3,"minecraft:iron_pickaxe":392,"minecraft:stone_axe":3,"minecraft:wooden_sword":10,"minecraft:cobblestone":24,"minecraft:furnace":3,"minecraft:cooked_porkchop":3,"minecraft:bucket":4,"minecraft:andesite":17,"minecraft:cobbled_deepslate":2,"minecraft:cooked_beef":5},"minecraft:custom":{"minecraft:interact_with_furnace":46,"minecraft:mob_kills":36,"minecraft:interact_with_crafting_table":29,"minecraft:leave_game":2,"minecraft:time_since_death":79318,"minecraft:sleep_in_bed":1,"minecraft:time_since_rest":79386,"minecraft:sprint_one_cm":152932,"minecraft:damage_taken":1446,"minecraft:walk_one_cm":389568,"minecraft:damage_blocked_by_shield":177,"minecraft:drop":38,"minecraft:damage_dealt":4983,"minecraft:swim_one_cm":36555,"minecraft:fly_one_cm":65261,"minecraft:crouch_one_cm":225,"minecraft:play_time":177921,"minecraft:deaths":2,"minecraft:sneak_time":430,"minecraft:walk_under_water_one_cm":28472,"minecraft:jump":1544,"minecraft:walk_on_water_one_cm":44731,"minecraft:total_world_time":177921,"minecraft:fall_one_cm":28106}},"DataVersion":3953}