{"stats":{"minecraft:used":{"minecraft:leather_leggings":1},"minecraft:mined":{"minecraft:grass":2,"minecraft:oak_log":1,"minecraft:tall_grass":1,"minecraft:spruce_fence_gate":2,"minecraft:powder_snow":2,"minecraft:oak_leaves":18},"minecraft:picked_up":{"minecraft:wheat":1,"minecraft:spruce_fence_gate":2,"minecraft:apple":2,"minecraft:wheat_seeds":3,"minecraft:oak_log":1},"minecraft:custom":{"minecraft:time_since_rest":28367,"minecraft:open_chest":5,"minecraft:crouch_one_cm":670,"minecraft:damage_taken":89,"minecraft:play_time":28367,"minecraft:sprint_one_cm":21050,"minecraft:walk_one_cm":44753,"minecraft:sneak_time":160,"minecraft:interact_with_lectern":1,"minecraft:jump":215,"minecraft:damage_dealt":10,"minecraft:time_since_death":28367,"minecraft:total_world_time":28367,"minecraft:talked_to_villager":2,"minecraft:fall_one_cm":4505,"minecraft:fly_one_cm":17728,"minecraft:horse_one_cm":474575}},"DataVersion":3465}