{"stats":{"minecraft:picked_up":{"minecraft:oak_slab":2,"minecraft:jungle_log":1,"securitycraft:ims":1,"minecraft:diamond_sword":1,"securitycraft:cage_trap":2,"securitycraft:sc_manual":1,"securitycraft:portable_radar":1,"minecraft:dirt":12,"securitycraft:remote_access_mine":1,"minecraft:flint_and_steel":1,"minecraft:arrow":1,"minecraft:bone":2,"minecraft:rotten_flesh":3,"securitycraft:bucket_f_water":1,"minecraft:wheat_seeds":1,"minecraft:oak_fence_gate":1,"minecraft:stripped_oak_wood":1,"minecraft:bamboo":68,"securitycraft:keypad_door_item":1},"minecraft:crafted":{"securitycraft:dirt_mine":1},"minecraft:used":{"securitycraft:camera_monitor":1,"minecraft:water_bucket":2,"minecraft:grass_block":1,"securitycraft:keypad_chest":2,"minecraft:redstone":4,"securitycraft:panic_button":3,"securitycraft:bucket_f_lava":3,"securitycraft:remote_access_mine":3,"securitycraft:security_camera":1,"securitycraft:bucket_f_water":3,"securitycraft:mine":3,"securitycraft:sentry":1,"minecraft:diamond_sword":9,"minecraft:crafting_table":1,"securitycraft:dirt_mine":2,"securitycraft:admin_tool":3,"minecraft:bucket":1,"securitycraft:alarm":1,"securitycraft:reinforced_stripped_oak_wood":6},"minecraft:custom":{"minecraft:time_since_rest":32192,"minecraft:sprint_one_cm":62441,"minecraft:damage_taken":1630,"minecraft:walk_one_cm":151407,"minecraft:mob_kills":7,"minecraft:drop":7,"minecraft:damage_dealt":1146,"minecraft:swim_one_cm":329,"minecraft:interact_with_crafting_table":1,"minecraft:fly_one_cm":183911,"minecraft:open_chest":3,"minecraft:crouch_one_cm":570,"minecraft:play_time":85319,"minecraft:deaths":2,"minecraft:sneak_time":462,"minecraft:walk_under_water_one_cm":871,"minecraft:jump":565,"minecraft:leave_game":3,"minecraft:time_since_death":32122,"minecraft:walk_on_water_one_cm":2766,"minecraft:total_world_time":85319,"minecraft:climb_one_cm":3925,"minecraft:fall_one_cm":10431},"minecraft:dropped":{"minecraft:diamond_sword":1,"minecraft:oak_fence_gate":1,"minecraft:dirt":1,"minecraft:oak_slab":2,"securitycraft:bucket_f_water":1,"securitycraft:ims":1,"securitycraft:cage_trap":1},"minecraft:killed":{"minecraft:skeleton":2,"minecraft:zombie":4},"minecraft:mined":{"minecraft:podzol":1,"minecraft:fire":6,"minecraft:grass_block":1,"minecraft:bamboo":1,"minecraft:fern":1}},"DataVersion":3465}