{"stats":{"minecraft:broken":{"minecraft:leather_helmet":1,"minecraft:shield":1},"minecraft:used":{"minecraft:leather_leggings":1,"minecraft:baked_potato":2,"minecraft:spruce_planks":16,"minecraft:shield":61,"minecraft:spruce_fence_gate":2,"minecraft:torch":9,"minecraft:music_disc_cat":1,"minecraft:crafting_table":1,"minecraft:diamond_pickaxe":22,"minecraft:bread":22,"minecraft:iron_pickaxe":28,"minecraft:iron_boots":1,"minecraft:diamond_sword":118,"minecraft:potion":3,"minecraft:cooked_rabbit":3,"tombstone:gift":4,"minecraft:potato":8},"minecraft:mined":{"minecraft:powder_snow":2,"minecraft:brewing_stand":1,"minecraft:obsidian":13,"minecraft:torch":1,"minecraft:nether_bricks":6,"minecraft:tall_grass":1,"minecraft:oak_planks":2,"minecraft:spawner":13,"minecraft:grass":2,"minecraft:vine":1,"minecraft:oak_log":1,"minecraft:iron_bars":11,"minecraft:cracked_stone_bricks":1,"minecraft:spruce_fence_gate":2,"minecraft:stone_bricks":1,"minecraft:oak_leaves":18},"minecraft:crafted":{"minecraft:oak_planks":4,"minecraft:diamond_sword":1,"minecraft:crafting_table":1,"minecraft:iron_pickaxe":1},"minecraft:picked_up":{"minecraft:wheat":1,"minecraft:leather_chestplate":1,"minecraft:orange_carpet":4,"minecraft:potion":3,"minecraft:oak_log":1,"minecraft:brewing_stand":1,"minecraft:shield":1,"minecraft:gunpowder":2,"minecraft:string":2,"tombstone:gift":2,"minecraft:bone":8,"minecraft:apple":2,"minecraft:wheat_seeds":3,"minecraft:oak_planks":2,"minecraft:tipped_arrow":2,"minecraft:torch":5,"tombstone:grave_dust":2,"minecraft:spruce_log":2,"minecraft:leather_helmet":1,"minecraft:spider_eye":2,"minecraft:stone_pressure_plate":3,"minecraft:bundle":1,"minecraft:spruce_fence_gate":2,"minecraft:arrow":11,"minecraft:rotten_flesh":12,"minecraft:iron_helmet":1,"tombstone:magic_scroll":1,"minecraft:obsidian":13,"minecraft:iron_bars":18},"minecraft:killed":{"minecraft:cave_spider":1,"minecraft:spider":6,"minecraft:creeper":2,"minecraft:skeleton":6,"minecraft:zombie":9,"minecraft:stray":3},"minecraft:custom":{"minecraft:mob_kills":28,"minecraft:play_record":1,"minecraft:interact_with_crafting_table":5,"minecraft:time_since_death":24305,"minecraft:climb_one_cm":1839,"minecraft:time_since_rest":23985,"minecraft:sprint_one_cm":243962,"minecraft:walk_one_cm":340913,"minecraft:damage_taken":2146,"minecraft:damage_blocked_by_shield":3055,"minecraft:drop":16,"minecraft:damage_dealt":4629,"minecraft:fly_one_cm":44518,"minecraft:talked_to_villager":2,"minecraft:open_chest":79,"minecraft:crouch_one_cm":692,"minecraft:play_time":88367,"tombstone:undead_killed":18,"minecraft:deaths":2,"minecraft:sneak_time":176,"minecraft:interact_with_lectern":1,"minecraft:jump":475,"minecraft:total_world_time":88367,"minecraft:fall_one_cm":7927,"minecraft:horse_one_cm":475448},"minecraft:dropped":{"minecraft:iron_ingot":2,"minecraft:wheat_seeds":3,"minecraft:glass_bottle":2,"minecraft:rotten_flesh":15,"minecraft:oak_planks":2,"minecraft:stick":7,"minecraft:potato":1,"minecraft:tipped_arrow":1,"minecraft:torch":1,"minecraft:chainmail_boots":1,"minecraft:potion":1,"minecraft:stone_pressure_plate":3,"minecraft:iron_bars":8}},"DataVersion":3465}