{"stats":{"minecraft:used":{"minecraft:leather_leggings":1},"minecraft:mined":{"minecraft:grass":2,"minecraft:oak_log":1,"minecraft:spruce_fence_gate":2,"minecraft:powder_snow":2,"minecraft:oak_leaves":18},"minecraft:picked_up":{"minecraft:spruce_fence_gate":2,"minecraft:apple":2,"minecraft:oak_log":1},"minecraft:custom":{"minecraft:time_since_rest":16367,"minecraft:open_chest":3,"minecraft:crouch_one_cm":314,"minecraft:damage_taken":50,"minecraft:play_time":16367,"minecraft:sprint_one_cm":21050,"minecraft:walk_one_cm":41778,"minecraft:sneak_time":142,"minecraft:interact_with_lectern":1,"minecraft:jump":215,"minecraft:time_since_death":16367,"minecraft:total_world_time":16367,"minecraft:talked_to_villager":1,"minecraft:fall_one_cm":4505,"minecraft:fly_one_cm":17574,"minecraft:horse_one_cm":98038}},"DataVersion":3465}