{"stats":{"minecraft:custom":{"minecraft:time_since_rest":23980,"minecraft:interact_with_furnace":1,"minecraft:sprint_one_cm":6356,"minecraft:damage_taken":235,"minecraft:walk_one_cm":37129,"minecraft:mob_kills":3,"minecraft:drop":2,"minecraft:damage_dealt":599,"minecraft:swim_one_cm":22085,"minecraft:interact_with_crafting_table":6,"minecraft:fly_one_cm":1774,"minecraft:play_time":23980,"minecraft:sneak_time":100,"minecraft:walk_under_water_one_cm":17356,"minecraft:jump":189,"minecraft:time_since_death":23980,"minecraft:walk_on_water_one_cm":14843,"minecraft:total_world_time":23980,"minecraft:fall_one_cm":1225},"minecraft:killed":{"minecraft:skeleton":1,"minecraft:drowned":2},"minecraft:mined":{"minecraft:andesite":7,"minecraft:granite":4,"minecraft:coal_ore":34,"minecraft:oak_log":6,"minecraft:gravel":21,"minecraft:dripstone_block":1,"minecraft:copper_ore":7,"minecraft:stone":98,"minecraft:diorite":1,"minecraft:oak_leaves":4},"minecraft:picked_up":{"minecraft:andesite":10,"minecraft:copper_ingot":1,"minecraft:torch":1,"minecraft:dripstone_block":1,"minecraft:gravel":18,"minecraft:flint":3,"minecraft:oak_log":11,"minecraft:diorite":1,"minecraft:raw_copper":23,"minecraft:bone":2,"minecraft:granite":4,"minecraft:stone_pickaxe":2,"minecraft:coal":66,"minecraft:cobblestone":99},"minecraft:dropped":{"minecraft:stone_pickaxe":2},"minecraft:crafted":{"minecraft:wooden_sword":1,"minecraft:oak_planks":24,"minecraft:stick":16,"minecraft:wooden_pickaxe":1,"minecraft:stone_pickaxe":3,"minecraft:wooden_axe":1,"minecraft:stone_sword":1,"minecraft:furnace":1,"minecraft:torch":8,"minecraft:stone_axe":1},"minecraft:used":{"minecraft:stone_sword":15,"minecraft:stone_pickaxe":114,"minecraft:wooden_pickaxe":39,"minecraft:torch":3,"minecraft:cobblestone":7,"minecraft:furnace":1}},"DataVersion":3953}