{"stats":{"minecraft:picked_up":{"minecraft:smooth_red_sandstone_stairs":1,"minecraft:red_sandstone_stairs":1,"minecraft:red_sandstone":10},"minecraft:used":{"minecraft:red_sandstone":6},"minecraft:custom":{"minecraft:jump":81,"minecraft:time_since_rest":4816,"minecraft:damage_dealt":10,"minecraft:damage_taken":100,"minecraft:sprint_one_cm":10623,"minecraft:play_time":4816,"minecraft:walk_on_water_one_cm":127,"minecraft:time_since_death":4816,"minecraft:walk_one_cm":19327,"minecraft:total_world_time":4816,"minecraft:walk_under_water_one_cm":81,"minecraft:swim_one_cm":6322,"minecraft:fall_one_cm":2551,"minecraft:fly_one_cm":11562}},"DataVersion":3465}