{"stats":{"minecraft:picked_up":{"minecraft:oak_slab":2,"minecraft:diamond_sword":1,"securitycraft:sc_manual":1,"minecraft:dirt":3,"minecraft:arrow":1,"minecraft:bone":2,"minecraft:rotten_flesh":1,"securitycraft:bucket_f_water":1,"minecraft:wheat_seeds":1,"minecraft:oak_fence_gate":1,"minecraft:stripped_oak_wood":1,"minecraft:bamboo":8},"minecraft:crafted":{"securitycraft:dirt_mine":1},"minecraft:used":{"minecraft:water_bucket":2,"securitycraft:keypad_chest":2,"securitycraft:bucket_f_water":3,"securitycraft:mine":2,"securitycraft:sentry":1,"minecraft:diamond_sword":6,"minecraft:crafting_table":1,"securitycraft:dirt_mine":2,"securitycraft:admin_tool":3,"securitycraft:reinforced_stripped_oak_wood":6},"minecraft:custom":{"minecraft:time_since_rest":25319,"minecraft:sprint_one_cm":10460,"minecraft:damage_taken":70,"minecraft:walk_one_cm":67145,"minecraft:mob_kills":3,"minecraft:drop":4,"minecraft:damage_dealt":512,"minecraft:interact_with_crafting_table":1,"minecraft:fly_one_cm":35927,"minecraft:open_chest":3,"minecraft:crouch_one_cm":178,"minecraft:play_time":25319,"minecraft:sneak_time":186,"minecraft:jump":169,"minecraft:leave_game":3,"minecraft:time_since_death":25319,"minecraft:walk_on_water_one_cm":644,"minecraft:total_world_time":25319,"minecraft:climb_one_cm":357,"minecraft:fall_one_cm":2554},"minecraft:dropped":{"minecraft:diamond_sword":1,"minecraft:dirt":1,"minecraft:oak_slab":2,"securitycraft:bucket_f_water":1},"minecraft:killed":{"minecraft:skeleton":2,"minecraft:zombie":1},"minecraft:mined":{"minecraft:podzol":1,"minecraft:grass_block":1,"minecraft:bamboo":1,"minecraft:fern":1}},"DataVersion":3465}