{"stats":{"minecraft:killed":{"minecraft:pig":4,"minecraft:creeper":1,"minecraft:skeleton":4,"minecraft:zombie":4,"minecraft:chicken":2,"minecraft:drowned":2,"minecraft:cow":4},"minecraft:mined":{"minecraft:torch":2,"minecraft:granite":5,"minecraft:short_grass":1,"minecraft:copper_ore":18,"minecraft:tall_grass":1,"minecraft:diorite":6,"minecraft:wall_torch":1,"minecraft:redstone_ore":1,"minecraft:iron_ore":42,"minecraft:andesite":26,"minecraft:coal_ore":50,"minecraft:pointed_dripstone":1,"minecraft:oak_log":6,"minecraft:gravel":23,"minecraft:dripstone_block":9,"minecraft:dirt":1,"minecraft:stone":181,"minecraft:gold_ore":14,"minecraft:oak_leaves":7},"minecraft:broken":{"minecraft:stone_pickaxe":1},"minecraft:killed_by":{"minecraft:skeleton":1,"minecraft:zombie":1},"minecraft:picked_up":{"minecraft:wooden_axe":2,"minecraft:feather":4,"minecraft:cooked_beef":7,"minecraft:chicken":2,"minecraft:andesite":51,"minecraft:leather":6,"minecraft:wooden_pickaxe":2,"minecraft:flint":8,"minecraft:oak_log":19,"minecraft:shield":1,"minecraft:dirt":2,"minecraft:raw_copper":128,"minecraft:wooden_sword":2,"minecraft:flint_and_steel":1,"minecraft:cooked_mutton":16,"minecraft:bone":10,"minecraft:bow":2,"minecraft:wheat_seeds":1,"minecraft:raw_gold":28,"minecraft:iron_ingot":1,"minecraft:beef":7,"minecraft:stone_pickaxe":7,"minecraft:iron_pickaxe":1,"minecraft:oak_planks":14,"minecraft:stick":4,"minecraft:raw_iron":70,"minecraft:copper_ingot":3,"minecraft:torch":13,"minecraft:dripstone_block":26,"minecraft:gravel":58,"minecraft:porkchop":12,"minecraft:pointed_dripstone":6,"minecraft:diorite":8,"minecraft:redstone":10,"minecraft:stone_sword":2,"minecraft:rotten_flesh":14,"minecraft:stone_axe":2,"minecraft:granite":14,"minecraft:oak_sapling":4,"minecraft:coal":177,"minecraft:cobblestone":388},"minecraft:dropped":{"minecraft:porkchop":8,"minecraft:wheat_seeds":1,"minecraft:pointed_dripstone":6,"minecraft:cobblestone":17,"minecraft:chicken":2,"minecraft:cooked_mutton":11,"minecraft:diorite":7,"minecraft:stone_pickaxe":2},"minecraft:crafted":{"minecraft:cooked_beef":7,"minecraft:wooden_sword":1,"minecraft:oak_planks":32,"minecraft:cooked_porkchop":3,"minecraft:crafting_table":2,"minecraft:wooden_pickaxe":1,"minecraft:iron_sword":1,"minecraft:furnace":2,"minecraft:stone_axe":1,"minecraft:air":0,"minecraft:flint_and_steel":1,"minecraft:shield":1,"minecraft:stick":16,"minecraft:iron_ingot":8,"minecraft:iron_pickaxe":1,"minecraft:stone_pickaxe":3,"minecraft:wooden_axe":1,"minecraft:stone_sword":1,"minecraft:torch":12},"minecraft:used":{"minecraft:cooked_mutton":4,"minecraft:stone_sword":80,"minecraft:stone_pickaxe":260,"minecraft:shield":5,"minecraft:wooden_pickaxe":39,"minecraft:torch":17,"minecraft:crafting_table":2,"minecraft:iron_pickaxe":64,"minecraft:stone_axe":1,"minecraft:wooden_sword":10,"minecraft:cobblestone":13,"minecraft:furnace":2,"minecraft:cooked_porkchop":3,"minecraft:andesite":17},"minecraft:custom":{"minecraft:interact_with_furnace":16,"minecraft:mob_kills":23,"minecraft:interact_with_crafting_table":12,"minecraft:leave_game":1,"minecraft:time_since_death":4831,"minecraft:sleep_in_bed":1,"minecraft:time_since_rest":4899,"minecraft:sprint_one_cm":97160,"minecraft:damage_taken":1119,"minecraft:walk_one_cm":223339,"minecraft:damage_blocked_by_shield":177,"minecraft:drop":12,"minecraft:damage_dealt":3571,"minecraft:swim_one_cm":36555,"minecraft:fly_one_cm":38590,"minecraft:crouch_one_cm":86,"minecraft:play_time":103434,"minecraft:deaths":2,"minecraft:sneak_time":225,"minecraft:walk_under_water_one_cm":26355,"minecraft:jump":942,"minecraft:walk_on_water_one_cm":35302,"minecraft:total_world_time":103434,"minecraft:fall_one_cm":16315}},"DataVersion":3953}