{
  "repurposed_structures:root": {
    "criteria": {
      "always": "2024-07-21 02:07:30 +0000"
    },
    "done": true
  },
  "minecraft:recipes/decorations/crafting_table": {
    "criteria": {
      "unlock_right_away": "2024-07-21 02:07:30 +0000"
    },
    "done": true
  },
  "minecraft:adventure/adventuring_time": {
    "criteria": {
      "minecraft:snowy_slopes": "2024-07-21 02:08:20 +0000",
      "minecraft:sunflower_plains": "2024-07-21 02:11:14 +0000",
      "minecraft:forest": "2024-07-21 02:07:30 +0000",
      "minecraft:plains": "2024-07-21 02:08:14 +0000"
    },
    "done": false
  },
  "tombstone:adventure/root": {
    "criteria": {
      "auto": "2024-07-21 02:07:30 +0000"
    },
    "done": true
  },
  "minecraft:adventure/root": {
    "criteria": {
      "killed_by_something": "2024-07-21 02:19:08 +0000"
    },
    "done": true
  },
  "DataVersion": 3465
}