{
  "minecraft:recipes/decorations/crafting_table": {
    "criteria": {
      "unlock_right_away": "2024-07-19 18:38:05 +0000"
    },
    "done": true
  },
  "minecraft:adventure/adventuring_time": {
    "criteria": {
      "minecraft:bamboo_jungle": "2024-07-19 18:38:05 +0000",
      "minecraft:sparse_jungle": "2024-07-19 18:47:53 +0000"
    },
    "done": false
  },
  "minecraft:recipes/misc/stick_from_bamboo_item": {
    "criteria": {
      "has_bamboo": "2024-07-19 18:38:18 +0000"
    },
    "done": true
  },
  "minecraft:recipes/building_blocks/bamboo_block": {
    "criteria": {
      "has_bamboo": "2024-07-19 18:38:18 +0000"
    },
    "done": true
  },
  "minecraft:recipes/decorations/scaffolding": {
    "criteria": {
      "has_bamboo": "2024-07-19 18:38:18 +0000"
    },
    "done": true
  },
  "securitycraft:recipes/building_blocks/cobbled_deepslate_mine": {
    "criteria": {
      "has_mine": "2024-07-20 17:11:22 +0000"
    },
    "done": true
  },
  "securitycraft:recipes/building_blocks/gravel_mine": {
    "criteria": {
      "has_mine": "2024-07-20 17:11:22 +0000"
    },
    "done": true
  },
  "securitycraft:recipes/transportation/birch_security_sea_boat": {
    "criteria": {
      "has_keypad_chest": "2024-07-20 17:10:10 +0000"
    },
    "done": true
  },
  "securitycraft:recipes/building_blocks/deepslate_redstone_mine": {
    "criteria": {
      "has_mine": "2024-07-20 17:11:22 +0000"
    },
    "done": true
  },
  "securitycraft:recipes/building_blocks/gold_mine": {
    "criteria": {
      "has_mine": "2024-07-20 17:11:22 +0000"
    },
    "done": true
  },
  "securitycraft:recipes/building_blocks/emerald_mine": {
    "criteria": {
      "has_mine": "2024-07-20 17:11:22 +0000"
    },
    "done": true
  },
  "securitycraft:recipes/transportation/spruce_security_sea_boat": {
    "criteria": {
      "has_keypad_chest": "2024-07-20 17:10:10 +0000"
    },
    "done": true
  },
  "securitycraft:recipes/building_blocks/lapis_mine": {
    "criteria": {
      "has_mine": "2024-07-20 17:11:22 +0000"
    },
    "done": true
  },
  "securitycraft:recipes/building_blocks/stone_mine": {
    "criteria": {
      "has_mine": "2024-07-20 17:11:22 +0000"
    },
    "done": true
  },
  "securitycraft:recipes/building_blocks/blast_furnace_mine": {
    "criteria": {
      "has_mine": "2024-07-20 17:11:22 +0000"
    },
    "done": true
  },
  "securitycraft:recipes/building_blocks/deepslate_coal_mine": {
    "criteria": {
      "has_mine": "2024-07-20 17:11:22 +0000"
    },
    "done": true
  },
  "minecraft:recipes/decorations/composter": {
    "criteria": {
      "has_wood_slab": "2024-07-20 17:16:18 +0000"
    },
    "done": true
  },
  "securitycraft:recipes/building_blocks/smoker_mine": {
    "criteria": {
      "has_mine": "2024-07-20 17:11:22 +0000"
    },
    "done": true
  },
  "securitycraft:recipes/building_blocks/deepslate_copper_mine": {
    "criteria": {
      "has_mine": "2024-07-20 17:11:22 +0000"
    },
    "done": true
  },
  "minecraft:recipes/decorations/chest": {
    "criteria": {
      "has_lots_of_items": "2024-07-20 17:16:17 +0000"
    },
    "done": true
  },
  "minecraft:recipes/transportation/cherry_boat": {
    "criteria": {
      "in_water": "2024-07-20 17:19:36 +0000"
    },
    "done": true
  },
  "securitycraft:recipes/transportation/mangrove_security_sea_boat": {
    "criteria": {
      "has_keypad_chest": "2024-07-20 17:10:10 +0000"
    },
    "done": true
  },
  "minecraft:adventure/kill_all_mobs": {
    "criteria": {
      "minecraft:skeleton": "2024-07-20 17:08:06 +0000",
      "minecraft:zombie": "2024-07-20 17:04:15 +0000"
    },
    "done": false
  },
  "minecraft:recipes/misc/bone_meal": {
    "criteria": {
      "has_bone": "2024-07-20 17:10:53 +0000"
    },
    "done": true
  },
  "minecraft:recipes/transportation/bamboo_raft": {
    "criteria": {
      "in_water": "2024-07-20 17:19:36 +0000"
    },
    "done": true
  },
  "securitycraft:recipes/building_blocks/deepslate_mine": {
    "criteria": {
      "has_mine": "2024-07-20 17:11:22 +0000"
    },
    "done": true
  },
  "minecraft:recipes/transportation/spruce_boat": {
    "criteria": {
      "in_water": "2024-07-20 17:19:36 +0000"
    },
    "done": true
  },
  "securitycraft:recipes/transportation/dark_oak_security_sea_boat": {
    "criteria": {
      "has_keypad_chest": "2024-07-20 17:10:10 +0000"
    },
    "done": true
  },
  "minecraft:recipes/transportation/birch_boat": {
    "criteria": {
      "in_water": "2024-07-20 17:19:36 +0000"
    },
    "done": true
  },
  "securitycraft:recipes/building_blocks/copper_mine": {
    "criteria": {
      "has_mine": "2024-07-20 17:11:22 +0000"
    },
    "done": true
  },
  "securitycraft:recipes/building_blocks/iron_mine": {
    "criteria": {
      "has_mine": "2024-07-20 17:11:22 +0000"
    },
    "done": true
  },
  "securitycraft:recipes/building_blocks/gilded_blackstone_mine": {
    "criteria": {
      "has_mine": "2024-07-20 17:11:22 +0000"
    },
    "done": true
  },
  "minecraft:recipes/transportation/oak_boat": {
    "criteria": {
      "in_water": "2024-07-20 17:19:36 +0000"
    },
    "done": true
  },
  "securitycraft:recipes/building_blocks/deepslate_lapis_mine": {
    "criteria": {
      "has_mine": "2024-07-20 17:11:22 +0000"
    },
    "done": true
  },
  "securitycraft:recipes/tools/wire_cutters": {
    "criteria": {
      "has_mine": "2024-07-20 17:11:22 +0000"
    },
    "done": true
  },
  "securitycraft:recipes/building_blocks/cobblestone_mine": {
    "criteria": {
      "has_mine": "2024-07-20 17:11:22 +0000"
    },
    "done": true
  },
  "securitycraft:recipes/building_blocks/coal_mine": {
    "criteria": {
      "has_mine": "2024-07-20 17:11:22 +0000"
    },
    "done": true
  },
  "minecraft:recipes/transportation/mangrove_boat": {
    "criteria": {
      "in_water": "2024-07-20 17:19:36 +0000"
    },
    "done": true
  },
  "securitycraft:recipes/building_blocks/netherrack_mine": {
    "criteria": {
      "has_mine": "2024-07-20 17:11:22 +0000"
    },
    "done": true
  },
  "securitycraft:recipes/building_blocks/furnace_mine": {
    "criteria": {
      "has_mine": "2024-07-20 17:11:22 +0000"
    },
    "done": true
  },
  "securitycraft:recipes/building_blocks/ancient_debris_mine": {
    "criteria": {
      "has_mine": "2024-07-20 17:11:22 +0000"
    },
    "done": true
  },
  "securitycraft:recipes/building_blocks/deepslate_iron_mine": {
    "criteria": {
      "has_mine": "2024-07-20 17:11:22 +0000"
    },
    "done": true
  },
  "securitycraft:recipes/transportation/acacia_security_sea_boat": {
    "criteria": {
      "has_keypad_chest": "2024-07-20 17:10:10 +0000"
    },
    "done": true
  },
  "securitycraft:recipes/building_blocks/end_stone_mine": {
    "criteria": {
      "has_mine": "2024-07-20 17:11:22 +0000"
    },
    "done": true
  },
  "securitycraft:recipes/tools/remote_access_mine": {
    "criteria": {
      "has_mine": "2024-07-20 17:11:22 +0000"
    },
    "done": true
  },
  "securitycraft:recipes/transportation/bamboo_security_sea_raft": {
    "criteria": {
      "has_keypad_chest": "2024-07-20 17:10:10 +0000"
    },
    "done": true
  },
  "securitycraft:recipes/building_blocks/suspicious_gravel_mine": {
    "criteria": {
      "has_mine": "2024-07-20 17:11:22 +0000"
    },
    "done": true
  },
  "securitycraft:recipes/building_blocks/dirt_mine": {
    "criteria": {
      "has_mine": "2024-07-20 17:11:22 +0000"
    },
    "done": true
  },
  "securitycraft:recipes/transportation/cherry_security_sea_boat": {
    "criteria": {
      "has_keypad_chest": "2024-07-20 17:10:10 +0000"
    },
    "done": true
  },
  "minecraft:recipes/misc/charcoal": {
    "criteria": {
      "has_log": "2024-07-20 17:18:32 +0000"
    },
    "done": true
  },
  "securitycraft:recipes/transportation/oak_security_sea_boat": {
    "criteria": {
      "has_keypad_chest": "2024-07-20 17:10:10 +0000"
    },
    "done": true
  },
  "securitycraft:recipes/building_blocks/nether_gold_mine": {
    "criteria": {
      "has_mine": "2024-07-20 17:11:22 +0000"
    },
    "done": true
  },
  "securitycraft:recipes/building_blocks/deepslate_gold_mine": {
    "criteria": {
      "has_mine": "2024-07-20 17:11:22 +0000"
    },
    "done": true
  },
  "minecraft:recipes/brewing/cauldron": {
    "criteria": {
      "has_water_bucket": "2024-07-20 17:16:07 +0000"
    },
    "done": true
  },
  "minecraft:recipes/transportation/acacia_boat": {
    "criteria": {
      "in_water": "2024-07-20 17:19:36 +0000"
    },
    "done": true
  },
  "minecraft:adventure/root": {
    "criteria": {
      "killed_something": "2024-07-20 17:04:15 +0000"
    },
    "done": true
  },
  "minecraft:recipes/building_blocks/oak_planks": {
    "criteria": {
      "has_logs": "2024-07-20 17:18:32 +0000"
    },
    "done": true
  },
  "minecraft:adventure/kill_a_mob": {
    "criteria": {
      "minecraft:zombie": "2024-07-20 17:04:15 +0000"
    },
    "done": true
  },
  "minecraft:recipes/decorations/barrel": {
    "criteria": {
      "has_wood_slab": "2024-07-20 17:16:18 +0000"
    },
    "done": true
  },
  "securitycraft:recipes/building_blocks/redstone_mine": {
    "criteria": {
      "has_mine": "2024-07-20 17:11:22 +0000"
    },
    "done": true
  },
  "securitycraft:recipes/building_blocks/deepslate_diamond_mine": {
    "criteria": {
      "has_mine": "2024-07-20 17:11:22 +0000"
    },
    "done": true
  },
  "securitycraft:recipes/building_blocks/suspicious_sand_mine": {
    "criteria": {
      "has_mine": "2024-07-20 17:11:22 +0000"
    },
    "done": true
  },
  "securitycraft:recipes/tools/remote_access_sentry": {
    "criteria": {
      "has_sentry": "2024-07-20 17:21:54 +0000"
    },
    "done": true
  },
  "securitycraft:recipes/building_blocks/diamond_mine": {
    "criteria": {
      "has_mine": "2024-07-20 17:11:22 +0000"
    },
    "done": true
  },
  "securitycraft:recipes/building_blocks/reinforced_oak_planks": {
    "criteria": {
      "has_log": "2024-07-20 17:17:58 +0000"
    },
    "done": true
  },
  "securitycraft:recipes/misc/sc_manual": {
    "criteria": {
      "has_wood": "2024-07-20 17:18:32 +0000"
    },
    "done": true
  },
  "securitycraft:recipes/building_blocks/quartz_mine": {
    "criteria": {
      "has_mine": "2024-07-20 17:11:22 +0000"
    },
    "done": true
  },
  "securitycraft:recipes/building_blocks/sand_mine": {
    "criteria": {
      "has_mine": "2024-07-20 17:11:22 +0000"
    },
    "done": true
  },
  "minecraft:story/root": {
    "criteria": {
      "crafting_table": "2024-07-20 17:13:42 +0000"
    },
    "done": true
  },
  "securitycraft:recipes/building_blocks/deepslate_emerald_mine": {
    "criteria": {
      "has_mine": "2024-07-20 17:11:22 +0000"
    },
    "done": true
  },
  "minecraft:recipes/transportation/jungle_boat": {
    "criteria": {
      "in_water": "2024-07-20 17:19:36 +0000"
    },
    "done": true
  },
  "minecraft:recipes/transportation/dark_oak_boat": {
    "criteria": {
      "in_water": "2024-07-20 17:19:36 +0000"
    },
    "done": true
  },
  "securitycraft:recipes/transportation/jungle_security_sea_boat": {
    "criteria": {
      "has_keypad_chest": "2024-07-20 17:10:10 +0000"
    },
    "done": true
  },
  "DataVersion": 3465
}